frame_number,vehicle_count,processing_time_seconds
1,0,3.057621
2,0,0.095612
3,0,0.060464
4,0,0.055791
5,0,0.060373
6,0,0.058202
7,0,0.057267
8,0,0.056231
9,0,0.055844
10,0,0.055695
11,0,0.054139
12,0,0.053907
13,0,0.056028
14,0,0.055835
15,0,0.056658
16,0,0.057225
17,0,0.056184
18,0,0.055797
19,0,0.059014
20,0,0.057975
21,0,0.057277
22,0,0.058602
23,0,0.061486
24,0,0.064582
25,0,0.054392
26,0,0.053856
27,0,0.054766
28,0,0.052927
29,0,0.053712
30,0,0.053663
31,0,0.056901
32,0,0.05548
33,0,0.054518
34,0,0.054876
35,0,0.055242
36,0,0.054107
37,0,0.054778
38,0,0.056361
39,0,0.054095
40,0,0.053227
41,0,0.05347
42,0,0.05425
43,0,0.054698
44,0,0.056522
45,0,0.058634
46,0,0.063589
47,0,0.066318
48,0,0.065563
49,0,0.123424
50,0,0.0773
51,0,0.064084
52,0,0.068011
53,0,0.066522
54,0,0.060655
55,0,0.060659
56,0,0.069675
57,0,0.069548
58,0,0.083062
59,0,0.270454
60,0,0.059146
61,0,0.064019
62,0,0.143551
63,0,0.057404
64,0,0.056525
65,0,0.055573
66,0,0.056513
67,0,0.05641
68,0,0.055416
69,0,0.060593
70,0,0.058643
71,0,0.061869
72,0,0.060175
73,0,0.055274
74,0,0.055428
75,0,0.054623
76,0,0.055431
77,0,0.056257
78,0,0.056984
79,0,0.055749
80,0,0.059871
81,0,0.061089
82,0,0.056995
83,0,0.057894
84,0,0.060801
85,0,0.056021
86,0,0.058408
87,0,0.058159
88,0,0.055787
89,0,0.053561
90,0,0.055322
91,0,0.057104
92,0,0.054869
93,0,0.053131
94,0,0.053754
95,0,0.053813
96,0,0.055432
97,0,0.052972
98,0,0.053456
99,0,0.055252
100,0,0.056436
101,0,0.055992
102,0,0.055848
103,0,0.055946
104,0,0.05839
105,0,0.057984
106,0,0.05769
107,0,0.056922
108,0,0.058027
109,0,0.058888
110,0,0.059364
111,0,0.057242
112,0,0.054901
113,0,0.054251
114,0,0.054096
115,0,0.057329
116,0,0.054888
117,0,0.054063
118,0,0.054723
119,0,0.054325
120,0,0.054152
121,0,0.056702
122,0,0.056088
123,0,0.056257
124,0,0.060694
125,0,0.056633
126,0,0.06127
127,0,0.06068
128,0,0.057288
129,0,0.055879
130,0,0.058574
131,0,0.059123
132,0,0.057948
133,0,0.061595
134,0,0.05745
135,0,0.05543
136,0,0.057653
137,0,0.054623
138,0,0.056284
139,0,0.05487
140,0,0.055149
141,0,0.053005
142,0,0.052638
143,0,0.057179
144,0,0.054253
145,0,0.059657
146,0,0.059525
147,0,0.058957
148,0,0.056826
149,0,0.054671
150,0,0.055723
151,0,0.059329
152,0,0.056547
153,0,0.059469
154,0,0.057804
155,0,0.05677
156,0,0.057342
157,0,0.056035
158,0,0.057041
159,0,0.057543
160,0,0.059063
161,0,0.069651
162,0,0.063024
163,0,0.065697
164,0,0.064389
165,0,0.063277
166,0,0.065427
167,0,0.067041
168,0,0.064733
169,0,0.068665
170,0,0.082504
171,0,0.06745
172,0,0.056469
173,0,0.05526
174,0,0.067484
175,0,0.071491
176,0,0.066036
177,0,0.05896
178,0,0.054206
179,0,0.053213
180,0,0.055854
181,0,0.070087
182,0,0.095535
183,0,0.069288
184,0,0.059915
185,0,0.06065
186,0,0.061787
187,0,0.062871
188,0,0.061804
189,0,0.061475
190,0,0.084054
191,0,0.077584
192,0,0.056028
193,0,0.057302
194,0,0.058692
195,0,0.055457
196,0,0.054503
197,0,0.056419
198,0,0.058128
199,0,0.059338
200,0,0.054138
201,0,0.054379
202,0,0.071869
203,0,0.07132
204,0,0.06015
205,0,0.057398
206,0,0.056566
207,0,0.058741
208,0,0.055999
209,0,0.054177
210,0,0.053325
211,0,0.05906
212,0,0.058607
213,0,0.059008
214,0,0.052105
215,0,0.055869
216,0,0.068489
217,0,0.076404
218,0,0.071262
219,0,0.059028
220,0,0.069567
221,0,0.08012
222,0,0.070112
223,0,0.057818
224,0,0.080249
225,0,0.072937
226,0,0.055165
227,0,0.070324
228,0,0.076365
229,0,0.056472
230,0,0.066288
231,0,0.070746
232,0,0.063756
233,0,0.061901
234,0,0.063062
235,0,0.078605
236,0,0.06949
237,0,0.058227
238,0,0.058861
239,0,0.060332
240,0,0.059257
241,0,0.064905
242,0,0.060607
243,0,0.058932
244,0,0.054315
245,0,0.054562
246,0,0.056885
247,0,0.060394
248,0,0.057172
249,0,0.05672
250,0,0.060196
251,0,0.151231
252,0,0.063742
253,0,0.061117
254,0,0.069597
255,0,0.058745
256,0,0.058212
257,0,0.059555
258,0,0.059381
259,0,0.066433
260,0,0.058038
261,0,0.058937
262,0,0.061128
263,0,0.063506
264,0,0.060996
265,0,0.055961
266,0,0.054986
267,0,0.055557
268,0,0.056032
269,0,0.05893
270,0,0.061378
271,0,0.058984
272,0,0.056631
273,0,0.055463
274,0,0.055749
275,0,0.05541
276,0,0.055964
277,0,0.055485
278,0,0.064469
279,0,0.059062
280,0,0.057819
281,0,0.05682
282,0,0.053369
283,0,0.056332
284,0,0.054047
285,0,0.057136
286,0,0.05457
287,0,0.054819
288,0,0.0537
289,0,0.053895
290,0,0.054954
291,0,0.053187
292,0,0.054345
293,0,0.054606
294,0,0.052864
295,0,0.054537
296,0,0.055479
297,0,0.054944
298,0,0.053443
299,0,0.054933
300,0,0.052583
301,0,0.059882
302,0,0.054581
303,0,0.053711
304,0,0.054654
305,0,0.053102
306,0,0.052397
307,0,0.054537
308,0,0.053843
309,0,0.055182
310,0,0.053429
311,0,0.054003
312,0,0.05483
313,0,0.054466
314,0,0.053749
315,0,0.054649
316,0,0.054173
317,0,0.056991
318,0,0.054255
319,0,0.055665
320,0,0.053612
321,0,0.055007
322,0,0.055587
323,0,0.054367
324,0,0.053242
325,0,0.054299
326,0,0.052895
327,0,0.054091
328,0,0.054452
329,0,0.054464
330,0,0.056003
331,0,0.055899
332,0,0.055722
333,0,0.054648
334,0,0.052308
335,0,0.052448
336,0,0.051759
337,0,0.0535
338,0,0.05249
339,0,0.054823
340,0,0.053714
341,0,0.054362
342,0,0.053927
343,0,0.052823
344,0,0.053993
345,0,0.053479
346,0,0.054261
347,0,0.055021
348,0,0.055308
349,0,0.055425
350,0,0.054066
351,0,0.054621
352,0,0.053152
353,0,0.053315
354,0,0.052514
355,0,0.05514
356,0,0.052653
357,0,0.054383
358,0,0.054138
359,0,0.053856
360,0,0.052668
361,0,0.059336
362,0,0.054757
363,0,0.053584
364,0,0.054805
365,0,0.054634
366,0,0.053458
367,0,0.055635
368,0,0.053029
369,0,0.054226
370,0,0.055276
371,0,0.061589
372,0,0.057854
373,0,0.060928
374,0,0.061347
375,0,0.060225
376,0,0.06267
377,0,0.059834
378,0,0.05994
379,0,0.05959
380,0,0.057773
381,0,0.060439
382,0,0.06195
383,0,0.059865
384,0,0.061521
385,0,0.062984
386,0,0.056375
387,0,0.052411
388,0,0.052161
389,0,0.053013
390,0,0.056343
391,0,0.062528
392,0,0.060074
393,0,0.058553
394,0,0.057857
395,0,0.05662
396,0,0.060155
397,0,0.06052
398,0,0.054124
399,0,0.058151
400,0,0.054608
401,0,0.055981
402,0,0.055633
403,0,0.060115
404,0,0.055813
405,0,0.055785
406,0,0.055923
407,0,0.053511
408,0,0.054636
409,0,0.060124
410,0,0.055442
411,0,0.054598
412,0,0.05522
413,0,0.053534
414,0,0.05383
415,0,0.054462
416,0,0.053354
417,0,0.055716
418,0,0.053216
419,0,0.054807
420,0,0.056675
421,0,0.080054
422,0,0.055463
423,0,0.056695
424,0,0.056423
425,0,0.055061
426,0,0.05414
427,0,0.053881
428,0,0.061373
429,0,0.055591
430,0,0.056169
431,0,0.056407
432,0,0.055242
433,0,0.056782
434,0,0.056751
435,0,0.055276
436,0,0.058416
437,0,0.057595
438,0,0.061918
439,0,0.057361
440,0,0.05664
441,0,0.056581
442,0,0.055353
443,0,0.05446
444,0,0.054447
445,0,0.054863
446,0,0.0524
447,0,0.0547
448,0,0.052945
449,0,0.054237
450,0,0.055086
451,0,0.059824
452,0,0.055934
453,0,0.054756
454,0,0.053072
455,0,0.057395
456,0,0.054762
457,0,0.054152
458,0,0.053956
459,0,0.056697
460,0,0.054151
461,0,0.054946
462,0,0.055918
463,0,0.055986
464,0,0.056121
465,0,0.055402
466,0,0.060179
467,0,0.05659
468,0,0.055283
469,0,0.056433
470,0,0.05742
471,0,0.056239
472,0,0.054198
473,0,0.053856
474,0,0.053934
475,0,0.054497
476,0,0.054558
477,0,0.0553
478,0,0.054001
479,0,0.053639
480,0,0.054615
481,0,0.05833
482,0,0.0567
483,0,0.056318
484,0,0.060026
485,0,0.066162
486,0,0.085261
487,0,0.06901
488,0,0.064163
489,0,0.055844
490,0,0.059143
491,0,0.065313
492,0,0.06837
493,0,0.057289
494,0,0.056792
495,0,0.054976
496,0,0.054761
497,0,0.054202
498,0,0.066728
499,0,0.069749
500,0,0.057027
501,0,0.054901
502,0,0.055311
503,0,0.053065
504,0,0.053604
505,0,0.054593
506,0,0.055023
507,0,0.054057
508,0,0.053529
509,0,0.061781
510,0,0.062617
511,0,0.064478
512,0,0.056776
513,0,0.054232
514,0,0.056267
515,0,0.054799
516,0,0.054609
517,0,0.053011
518,0,0.055065
519,0,0.057769
520,0,0.053502
521,0,0.055308
522,0,0.056216
523,0,0.06793
524,0,0.068393
525,0,0.054552
526,0,0.056212
527,0,0.055508
528,0,0.054556
529,0,0.057013
530,0,0.05945
531,0,0.055478
532,0,0.052672
533,0,0.062578
534,0,0.071405
535,0,0.167452
536,0,0.176055
537,0,0.153058
538,0,0.153388
539,0,0.150123
540,0,0.175923
541,0,0.165979
542,0,0.158107
543,0,0.154667
544,0,0.176913
545,0,0.163733
546,0,0.158357
547,0,0.161045
548,0,0.15655
549,0,0.15202
550,0,0.152904
551,0,0.15175
552,0,0.147812
553,0,0.146731
554,0,0.150298
555,0,0.299758
556,0,0.166172
557,0,0.146117
558,0,0.149109
559,0,0.150503
560,0,0.144349
561,0,0.14563
562,0,0.151053
563,0,0.149423
564,0,0.151157
565,0,0.146367
566,0,0.143926
567,0,0.147435
568,0,0.148178
569,0,0.207073
570,0,0.149205
571,0,0.169349
572,0,0.157353
573,0,0.157276
574,0,0.16428
575,0,0.162067
576,0,0.154579
577,0,0.15736
578,0,0.151605
579,0,0.147842
580,0,0.140339
581,0,0.139337
582,0,0.146056
583,0,0.140563
584,0,0.1439
585,0,0.147161
586,0,0.151338
587,0,0.234087
588,0,0.1473
589,0,0.14255
590,0,0.144416
591,0,0.156862
592,0,0.152638
593,0,0.141466
594,0,0.15349
595,0,0.151542
596,0,0.147389
597,0,0.147803
598,0,0.228326
599,0,0.14783
600,0,0.137167
601,0,0.167923
602,0,0.143942
603,0,0.150442
604,0,0.15901
605,0,0.155855
606,0,0.149216
607,0,0.145538
608,0,0.147314
609,0,0.144603
610,0,0.149175
611,0,0.214567
612,0,0.149498
613,0,0.14832
614,0,0.150564
615,0,0.139345
616,0,0.14893
617,0,0.186365
618,0,0.179325
619,0,0.196907
620,0,0.177779
621,0,0.177098
622,0,0.187352
623,0,0.334804
624,0,0.159185
625,0,0.14396
626,0,0.14359
627,0,0.229604
628,0,0.152261
629,0,0.145537
630,0,0.14115
631,0,0.16008
632,0,0.142531
633,0,0.148655
634,0,0.15122
635,0,0.136891
636,0,0.149659
637,0,0.139128
638,0,0.141788
639,0,0.213728
640,0,0.166354
641,0,0.15363
642,0,0.153927
643,0,0.149385
644,0,0.083052
645,0,0.060658
646,0,0.059553
647,0,0.056984
648,0,0.056465
649,0,0.057081
650,0,0.058929
651,0,0.068958
652,0,0.06014
653,0,0.060496
654,0,0.06412
655,0,0.063586
656,0,0.061499
657,0,0.06194
658,0,0.058949
659,0,0.060205
660,0,0.065836
661,0,0.060085
662,0,0.062234
663,0,0.057934
664,0,0.055341
665,0,0.057461
666,0,0.056252
667,0,0.054584
668,0,0.054748
669,0,0.068158
670,0,0.063182
671,0,0.056807
672,0,0.060608
673,0,0.061559
674,0,0.060367
675,0,0.056985
676,0,0.054389
677,0,0.056905
678,0,0.057206
679,0,0.055852
680,0,0.057179
681,0,0.054568
682,0,0.054868
683,0,0.058873
684,0,0.133749
685,0,0.055764
686,0,0.05406
687,0,0.055587
688,0,0.055606
689,0,0.053985
690,0,0.055813
691,0,0.061865
692,0,0.057597
693,0,0.055179
694,0,0.053187
695,0,0.054112
696,0,0.054701
697,0,0.054656
698,0,0.061258
699,0,0.058961
700,0,0.101285
701,0,0.089512
702,0,0.057789
703,0,0.05774
704,0,0.057673
705,0,0.058437
706,0,0.057236
707,0,0.056257
708,0,0.058495
709,0,0.058081
710,0,0.054639
711,0,0.055183
712,0,0.06083
713,0,0.053914
714,0,0.055073
715,0,0.065517
716,0,0.19532
717,0,0.204616
718,0,0.188768
719,0,0.169058
720,0,0.095529
721,0,0.08294
722,0,0.0588
723,0,0.053789
724,0,0.066709
725,0,0.069805
726,0,0.06773
727,0,0.085458
728,0,0.094239
729,0,0.096985
730,0,0.075705
731,0,0.325993
732,0,0.17224
733,0,0.161594
734,0,0.160718
735,0,0.150646
736,0,0.15204
737,0,0.147094
738,0,0.144963
739,0,0.144229
740,0,0.150464
741,0,0.148145
742,0,0.142935
743,0,0.16844
744,0,0.160542
745,0,0.154978
746,0,0.15456
747,0,0.154148
748,0,0.151889
749,0,0.157679
750,0,0.152824
751,0,0.184613
752,0,0.176469
753,0,0.168581
754,0,0.178595
755,0,0.181515
756,0,0.172716
757,0,0.182966
758,0,0.174552
759,0,0.160199
760,0,0.149531
761,0,0.150254
762,0,0.14993
763,0,0.144829
764,0,0.150334
765,0,0.147032
766,0,0.15072
767,0,0.147543
768,0,0.151797
769,0,0.151835
770,0,0.147303
771,0,0.149654
772,0,0.149977
773,0,0.14719
774,0,0.1468
775,0,0.152967
776,0,0.304158
777,0,0.151374
778,0,0.153689
779,0,0.154396
780,0,0.248454
781,0,0.165799
782,0,0.153571
783,0,0.147547
784,0,0.150019
785,0,0.154535
786,0,0.156727
787,0,0.152637
788,0,0.160719
789,0,0.144074
790,0,0.149025
791,0,0.149162
792,0,0.151933
793,0,0.151846
794,0,0.150777
795,0,0.152628
796,0,0.148459
797,0,0.152381
798,0,0.15045
799,0,0.152025
800,0,0.14347
801,0,0.15284
802,0,0.155908
803,0,0.149408
804,0,0.154668
805,0,0.151185
806,0,0.151336
807,0,0.149793
808,0,0.147965
809,0,0.14778
810,0,0.152832
811,0,0.165481
812,0,0.151902
813,0,0.163965
814,0,0.166666
815,0,0.175969
816,0,0.177766
817,0,0.164935
818,0,0.166983
819,0,0.175624
820,0,0.17363
821,0,0.168894
822,0,0.163509
823,0,0.173627
824,0,0.180055
825,0,0.17242
826,0,0.153685
827,0,0.175595
828,0,0.149719
829,0,0.179731
830,0,0.149718
831,0,0.180454
832,0,0.14761
833,0,0.153864
834,0,0.175902
835,0,0.175608
836,0,0.152785
837,0,0.176021
838,0,0.183181
839,0,0.148594
840,0,0.148783
841,0,0.159735
842,0,0.147847
843,0,0.154546
844,0,0.159551
845,0,0.157601
846,0,0.156764
847,0,0.151875
848,0,0.153951
849,0,0.151393
850,0,0.156047
851,0,0.15185
852,0,0.154176
853,0,0.150565
854,0,0.152171
855,0,0.153419
856,0,0.152495
857,0,0.15039
858,0,0.151901
859,0,0.154291
860,0,0.150819
861,0,0.152784
862,0,0.14579
863,0,0.152144
864,0,0.145313
865,0,0.148996
866,0,0.148847
867,0,0.148169
868,0,0.150707
869,0,0.142829
870,0,0.143625
871,0,0.150844
872,0,0.142604
873,0,0.148238
874,0,0.151686
875,0,0.147756
876,0,0.144961
877,0,0.148107
878,0,0.155092
879,0,0.151195
880,0,0.149481
881,0,0.150368
882,0,0.149043
883,0,0.149702
884,0,0.151341
885,0,0.175812
886,0,0.150688
887,0,0.15471
888,0,0.158631
889,0,0.148056
890,0,0.155147
891,0,0.142467
892,0,0.142542
893,0,0.147961
894,0,0.144716
895,0,0.151484
896,0,0.150793
897,0,0.150193
898,0,0.142539
899,0,0.148306
900,0,0.142838
901,0,0.160324
902,0,0.144261
903,0,0.148867
904,0,0.154004
905,0,0.153349
906,0,0.153691
907,0,0.155207
908,0,0.155563
909,0,0.148117
910,0,0.147052
911,0,0.147685
912,0,0.148736
913,0,0.147799
914,0,0.144988
915,0,0.146649
916,0,0.147544
917,0,0.1439
918,0,0.149527
919,0,0.146716
920,0,0.146638
921,0,0.150428
922,0,0.145982
923,0,0.151401
924,0,0.153796
925,0,0.151161
926,0,0.154263
927,0,0.143575
928,0,0.152286
929,0,0.152537
930,0,0.150184
931,0,0.154805
932,0,0.161388
933,0,0.162559
934,0,0.177994
935,0,0.164356
936,0,0.1755
937,0,0.183194
938,0,0.151664
939,0,0.166724
940,0,0.148681
941,0,0.167472
942,0,0.150507
943,0,0.155246
944,0,0.168975
945,0,0.151887
946,0,0.161867
947,0,0.165588
948,0,0.157728
949,0,0.156009
950,0,0.16205
951,0,0.150216
952,0,0.150209
953,0,0.158978
954,0,0.160843
955,0,0.151478
956,0,0.151127
957,0,0.151575
958,0,0.147363
959,0,0.152118
960,0,0.152112
961,0,0.160993
962,0,0.150423
963,0,0.149315
964,0,0.153454
965,0,0.153396
966,0,0.167824
967,0,0.158598
968,0,0.154388
969,0,0.149686
970,0,0.151504
971,0,0.154991
972,0,0.06698
973,0,0.05703
974,0,0.059141
975,0,0.065568
976,0,0.068649
977,0,0.146392
978,0,0.053687
979,0,0.052701
980,0,0.053559
981,0,0.054537
982,0,0.054744
983,0,0.059652
984,0,0.061365
985,0,0.055014
986,0,0.054501
987,0,0.054042
988,0,0.055604
989,0,0.058855
990,0,0.057738
991,0,0.06366
992,0,0.059235
993,0,0.054769
994,0,0.053729
995,0,0.056538
996,0,0.054512
997,0,0.054105
998,0,0.057316
999,0,0.057678
1000,0,0.057588
1001,0,0.055108
1002,0,0.054065
1003,0,0.054912
1004,0,0.05576
1005,0,0.05521
1006,0,0.05568
1007,0,0.05595
1008,0,0.055855
1009,0,0.053346
1010,0,0.05483
1011,0,0.054556
1012,0,0.053563
1013,0,0.052286
1014,0,0.054026
1015,0,0.055871
1016,0,0.055561
1017,0,0.053048
1018,0,0.054405
1019,0,0.052641
1020,0,0.055972
1021,0,0.059666
1022,0,0.060468
1023,0,0.058293
1024,0,0.056495
1025,0,0.054444
1026,0,0.054817
1027,0,0.056333
1028,0,0.057981
1029,0,0.058777
1030,0,0.055225
1031,0,0.056951
1032,0,0.056502
1033,0,0.05767
1034,0,0.059001
1035,0,0.057419
1036,0,0.055483
1037,0,0.056773
1038,0,0.056734
1039,0,0.054517
1040,0,0.053973
1041,0,0.055181
1042,0,0.057537
1043,0,0.05545
1044,0,0.056305
1045,0,0.055149
1046,0,0.056028
1047,0,0.056725
1048,0,0.056553
1049,0,0.055253
1050,0,0.054883
1051,0,0.056735
1052,0,0.056012
1053,0,0.058417
1054,0,0.055
1055,0,0.053865
1056,0,0.055241
1057,0,0.058859
1058,0,0.054123
1059,0,0.054315
1060,0,0.053
1061,0,0.053039
1062,0,0.053713
1063,0,0.055561
1064,0,0.053684
1065,0,0.053818
1066,0,0.055136
1067,0,0.059106
1068,0,0.057995
1069,0,0.057656
1070,0,0.054913
1071,0,0.057373
1072,0,0.055008
1073,0,0.056843
1074,0,0.057811
1075,0,0.060598
1076,0,0.05536
1077,0,0.055453
1078,0,0.053136
1079,0,0.055855
1080,0,0.057719
1081,0,0.068068
1082,0,0.060345
1083,0,0.062876
1084,0,0.059174
1085,0,0.060014
1086,0,0.057825
1087,0,0.058622
1088,0,0.057564
1089,0,0.056741
1090,0,0.065781
1091,0,0.067303
1092,0,0.060586
1093,0,0.061444
1094,0,0.073079
1095,0,0.063926
1096,0,0.060506
1097,0,0.063761
1098,0,0.067486
1099,0,0.132933
1100,0,0.181911
1101,0,0.158402
1102,0,0.150209
1103,0,0.154135
1104,0,0.15962
1105,0,0.154386
1106,0,0.153687
1107,0,0.151681
1108,0,0.15285
1109,0,0.161794
1110,0,0.141008
1111,0,0.311728
1112,0,0.067723
1113,0,0.055408
1114,0,0.057142
1115,0,0.06782
1116,0,0.060505
1117,0,0.058802
1118,0,0.064375
1119,0,0.060354
1120,0,0.066257
1121,0,0.059579
1122,0,0.059256
1123,0,0.066269
1124,0,0.055552
1125,0,0.057601
1126,0,0.054221
1127,0,0.055693
1128,0,0.053281
1129,0,0.056049
1130,0,0.063124
1131,0,0.058821
1132,0,0.060257
1133,0,0.061097
1134,0,0.057414
1135,0,0.056819
1136,0,0.05488
1137,0,0.055532
1138,0,0.05656
1139,0,0.056612
1140,0,0.059004
1141,0,0.05975
1142,0,0.057261
1143,0,0.055064
1144,0,0.055643
1145,0,0.055241
1146,0,0.054427
1147,0,0.05525
1148,0,0.055999
1149,0,0.061225
1150,0,0.057913
1151,0,0.056007
1152,0,0.055329
1153,0,0.058061
1154,0,0.05665
1155,0,0.057153
1156,0,0.054862
1157,0,0.057767
1158,0,0.054778
1159,0,0.057665
1160,0,0.05596
1161,0,0.054767
1162,0,0.053685
1163,0,0.056016
1164,0,0.053382
1165,0,0.0551
1166,0,0.053802
1167,0,0.055012
1168,0,0.053772
1169,0,0.054556
1170,0,0.054534
1171,0,0.058006
1172,0,0.055332
1173,0,0.056849
1174,0,0.053028
1175,0,0.055062
1176,0,0.052665
1177,0,0.054101
1178,0,0.054493
1179,0,0.059828
1180,0,0.054964
1181,0,0.056979
1182,0,0.055895
1183,0,0.056904
1184,0,0.054536
1185,0,0.055156
1186,0,0.062073
1187,0,0.058691
1188,0,0.055185
1189,0,0.056102
1190,0,0.055682
1191,0,0.056198
1192,0,0.054325
1193,0,0.055492
1194,0,0.055849
1195,0,0.055424
1196,0,0.053862
1197,0,0.055881
1198,0,0.053308
1199,0,0.055125
1200,0,0.053623
1201,0,0.057582
1202,0,0.055122
1203,0,0.052441
1204,0,0.053492
1205,0,0.052635
1206,0,0.052883
1207,0,0.053511
1208,0,0.054016
1209,0,0.059646
1210,0,0.058624
1211,0,0.057066
1212,0,0.055489
1213,0,0.056077
1214,0,0.054002
1215,0,0.055697
1216,0,0.055196
1217,0,0.056242
1218,0,0.055063
1219,0,0.055909
1220,0,0.055102
1221,0,0.05464
1222,0,0.054077
1223,0,0.053309
1224,0,0.054692
1225,0,0.055046
1226,0,0.05368
1227,0,0.052637
1228,0,0.053915
1229,0,0.053026
1230,0,0.052722
1231,0,0.059589
1232,0,0.055405
1233,0,0.056681
1234,0,0.05498
1235,0,0.055068
1236,0,0.053358
1237,0,0.054454
1238,0,0.052859
1239,0,0.056681
1240,0,0.056435
1241,0,0.059428
1242,0,0.054864
1243,0,0.059433
1244,0,0.056236
1245,0,0.056843
1246,0,0.055046
1247,0,0.055428
1248,0,0.053812
1249,0,0.056777
1250,0,0.054751
1251,0,0.058064
1252,0,0.054191
1253,0,0.054234
1254,0,0.05364
1255,0,0.054073
1256,0,0.057409
1257,0,0.055311
1258,0,0.053014
1259,0,0.053614
1260,0,0.053834
1261,0,0.058672
1262,0,0.05676
1263,0,0.053718
1264,0,0.056021
1265,0,0.055266
1266,0,0.054847
1267,0,0.053622
1268,0,0.053635
1269,0,0.056487
1270,0,0.055037
1271,0,0.05728
1272,0,0.058897
1273,0,0.055833
1274,0,0.055465
1275,0,0.058503
1276,0,0.054336
1277,0,0.05545
1278,0,0.057077
1279,0,0.054685
1280,0,0.055431
1281,0,0.056829
1282,0,0.05449
1283,0,0.05362
1284,0,0.054413
1285,0,0.052628
1286,0,0.052546
1287,0,0.056362
1288,0,0.053177
1289,0,0.054159
1290,0,0.055539
1291,0,0.058251
1292,0,0.056946
1293,0,0.055064
1294,0,0.054071
1295,0,0.055588
1296,0,0.053539
1297,0,0.051798
1298,0,0.05339
1299,0,0.055726
1300,0,0.053873
1301,0,0.057014
1302,0,0.056224
1303,0,0.059032
1304,0,0.055733
1305,0,0.055666
1306,0,0.056875
1307,0,0.054962
1308,0,0.054937
1309,0,0.056077
1310,0,0.056265
1311,0,0.05569
1312,0,0.054271
1313,0,0.052465
1314,0,0.055068
1315,0,0.052797
1316,0,0.052692
1317,0,0.053582
1318,0,0.05719
1319,0,0.054251
1320,0,0.053886
1321,0,0.120307
1322,0,0.055862
1323,0,0.053763
1324,0,0.054994
1325,0,0.054391
1326,0,0.053167
1327,0,0.054114
1328,0,0.057447
1329,0,0.054532
1330,0,0.058378
1331,0,0.056778
1332,0,0.056804
1333,0,0.05694
1334,0,0.056319
1335,0,0.055744
1336,0,0.056194
1337,0,0.056608
1338,0,0.055751
1339,0,0.05657
1340,0,0.05661
1341,0,0.056113
1342,0,0.054609
1343,0,0.054934
1344,0,0.052593
1345,0,0.054455
1346,0,0.05577
1347,0,0.052055
1348,0,0.054443
1349,0,0.05191
1350,0,0.052771
1351,0,0.05934
1352,0,0.055966
1353,0,0.055146
1354,0,0.054751
1355,0,0.054647
1356,0,0.053349
1357,0,0.052815
1358,0,0.054182
1359,0,0.05949
1360,0,0.0559
1361,0,0.05485
1362,0,0.054863
1363,0,0.060239
1364,0,0.058596
1365,0,0.056611
1366,0,0.055563
1367,0,0.055081
1368,0,0.053924
1369,0,0.055165
1370,0,0.055764
1371,0,0.057883
1372,0,0.0546
1373,0,0.054666
1374,0,0.053174
1375,0,0.053901
1376,0,0.052251
1377,0,0.052824
1378,0,0.053216
1379,0,0.056155
1380,0,0.053752
1381,0,0.056569
1382,0,0.056824
1383,0,0.053932
1384,0,0.053241
1385,0,0.053505
1386,0,0.053689
1387,0,0.05411
1388,0,0.055408
1389,0,0.059381
1390,0,0.054439
1391,0,0.053963
1392,0,0.056037
1393,0,0.055949
1394,0,0.055755
1395,0,0.067647
1396,0,0.05569
1397,0,0.054799
1398,0,0.169996
1399,0,0.158427
1400,0,0.147594
1401,0,0.147673
1402,0,0.154159
1403,0,0.15077
1404,0,0.160646
1405,0,0.151082
1406,0,0.15244
1407,0,0.150078
1408,0,0.157568
1409,0,0.152359
1410,0,0.153657
1411,0,0.15564
1412,0,0.147522
1413,0,0.149693
1414,0,0.157816
1415,0,0.156928
1416,0,0.15686
1417,0,0.149971
1418,0,0.152171
1419,0,0.152829
1420,0,0.150949
1421,0,0.150121
1422,0,0.150542
1423,0,0.145474
1424,0,0.14772
1425,0,0.163205
1426,0,0.148715
1427,0,0.150209
1428,0,0.150033
1429,0,0.153942
1430,0,0.148163
1431,0,0.06134
1432,0,0.057093
1433,0,0.05852
1434,0,0.055197
1435,0,0.054872
1436,0,0.056487
1437,0,0.068595
1438,0,0.067001
1439,0,0.151076
1440,0,0.166892
1441,0,0.171935
1442,0,0.161239
1443,0,0.163657
1444,0,0.170985
1445,0,0.165083
1446,0,0.166904
1447,0,0.158407
1448,0,0.15491
1449,0,0.198315
1450,0,0.186818
1451,0,0.119235
1452,0,0.199934
1453,0,0.173769
1454,0,0.243273
1455,0,0.172488
1456,0,0.15726
1457,0,0.183901
1458,0,0.1727
1459,0,0.244216
1460,0,0.181479
1461,0,0.185365
1462,0,0.163345
1463,0,0.164948
1464,0,0.165243
1465,0,0.182007
1466,0,0.164234
1467,0,0.164848
1468,0,0.177554
1469,0,0.156985
1470,0,0.170135
1471,0,0.164074
1472,0,0.170971
1473,0,0.255939
1474,0,0.159382
1475,0,0.145525
1476,0,0.165337
1477,0,0.173285
1478,0,0.166825
1479,0,0.177836
1480,0,0.169157
1481,0,0.163492
1482,0,0.163274
1483,0,0.179536
1484,0,0.143163
1485,0,0.13891
1486,0,0.152707
1487,0,0.153506
1488,0,0.144951
1489,0,0.145916
1490,0,0.16203
1491,0,0.14383
1492,0,0.21833
1493,0,0.145327
1494,0,0.156747
1495,0,0.148317
1496,0,0.161202
1497,0,0.14516
1498,0,0.178851
1499,0,0.198676
1500,0,0.174485
1501,0,0.174186
1502,0,0.16218
1503,0,0.153905
1504,0,0.192614
1505,0,0.194139
1506,0,0.171125
1507,0,0.191911
1508,0,0.179462
1509,0,0.184882
1510,0,0.160482
1511,0,0.160922
1512,0,0.185357
1513,0,0.17907
1514,0,0.163418
1515,0,0.158269
1516,0,0.156507
1517,0,0.163885
1518,0,0.159429
1519,0,0.16283
1520,0,0.15529
1521,0,0.18083
1522,0,0.154083
1523,0,0.158842
1524,0,0.159605
1525,0,0.157301
1526,0,0.161627
1527,0,0.158113
1528,0,0.161402
1529,0,0.159829
1530,0,0.169249
1531,0,0.206117
1532,0,0.183704
1533,0,0.173534
1534,0,0.161952
1535,0,0.167011
1536,0,0.158436
1537,0,0.154726
1538,0,0.154338
1539,0,0.154971
1540,0,0.155959
1541,0,0.15137
1542,0,0.149474
1543,0,0.15284
1544,0,0.154928
1545,0,0.146
1546,0,0.147796
1547,0,0.149127
1548,0,0.154169
1549,0,0.157302
1550,0,0.148844
1551,0,0.148418
1552,0,0.147601
1553,0,0.148973
1554,0,0.147759
1555,0,0.154024
1556,0,0.170254
1557,0,0.161904
1558,0,0.158893
1559,0,0.178717
1560,0,0.167921
1561,0,0.1866
1562,0,0.155841
1563,0,0.164319
1564,0,0.189662
1565,0,0.169743
1566,0,0.173481
1567,0,0.186559
1568,0,0.158113
1569,0,0.153074
1570,0,0.18823
1571,0,0.169163
1572,0,0.149575
1573,0,0.160169
1574,0,0.156891
1575,0,0.14567
1576,0,0.147215
1577,0,0.145881
1578,0,0.160665
1579,0,0.143161
1580,0,0.151837
1581,0,0.146769
1582,0,0.152747
1583,0,0.152084
1584,0,0.150678
1585,0,0.150973
1586,0,0.147858
1587,0,0.149688
1588,0,0.14608
1589,0,0.143669
1590,0,0.150044
1591,0,0.154203
1592,0,0.147055
1593,0,0.146468
1594,0,0.184912
1595,0,0.155898
1596,0,0.15885
1597,0,0.15059
1598,0,0.152024
1599,0,0.151609
1600,0,0.146049
1601,0,0.148391
1602,0,0.1477
1603,0,0.145981
1604,0,0.146357
1605,0,0.146347
1606,0,0.145733
1607,0,0.152119
1608,0,0.151415
1609,0,0.152335
1610,0,0.150581
1611,0,0.154858
1612,0,0.151413
1613,0,0.150678
1614,0,0.150188
1615,0,0.152219
1616,0,0.150692
1617,0,0.147539
1618,0,0.151987
1619,0,0.158865
1620,0,0.156426
1621,0,0.308665
1622,0,0.181958
1623,0,0.154698
1624,0,0.144111
1625,0,0.159214
1626,0,0.167665
1627,0,0.164614
1628,0,0.157789
1629,0,0.151931
1630,0,0.152003
1631,0,0.16331
1632,0,0.149259
1633,0,0.146653
1634,0,0.153806
1635,0,0.149889
1636,0,0.150695
1637,0,0.148493
1638,0,0.150543
1639,0,0.151523
1640,0,0.151594
1641,0,0.152262
1642,0,0.152942
1643,0,0.151274
1644,0,0.149575
1645,0,0.15072
1646,0,0.149417
1647,0,0.149565
1648,0,0.145245
1649,0,0.153813
1650,0,0.145887
1651,0,0.163474
1652,0,0.154246
1653,0,0.156727
1654,0,0.154192
1655,0,0.15608
1656,0,0.160952
1657,0,0.157447
1658,0,0.145114
1659,0,0.148204
1660,0,0.150828
1661,0,0.152235
1662,0,0.150778
1663,1,0.158899
1664,1,0.150785
1665,1,0.154811
1666,0,0.168727
1667,1,0.155507
1668,1,0.160922
1669,1,0.161078
1670,1,0.154754
1671,1,0.178577
1672,1,0.14469
1673,1,0.145853
1674,1,0.151634
1675,1,0.152113
1676,1,0.150299
1677,1,0.149754
1678,1,0.153211
1679,1,0.156743
1680,1,0.148975
1681,1,0.158318
1682,1,0.145345
1683,1,0.147829
1684,1,0.160105
1685,1,0.159484
1686,1,0.158645
1687,1,0.155637
1688,1,0.168627
1689,1,0.155378
1690,1,0.155011
1691,1,0.146954
1692,1,0.223012
1693,1,0.153833
1694,1,0.146251
1695,1,0.142921
1696,1,0.141967
1697,1,0.138816
1698,1,0.171031
1699,1,0.162635
1700,1,0.164441
1701,1,0.169834
1702,1,0.202535
1703,1,0.18904
1704,1,0.192467
1705,1,0.196281
1706,1,0.19776
1707,1,0.19514
1708,1,0.210747
1709,1,0.206767
1710,1,0.199362
1711,1,0.183038
1712,1,0.186265
1713,1,0.185408
1714,1,0.166993
1715,1,0.177471
1716,1,0.175573
1717,1,0.172683
1718,1,0.169844
1719,1,0.168745
1720,1,0.171275
1721,1,0.164592
1722,1,0.162579
1723,1,0.17296
1724,1,0.167076
1725,1,0.166494
1726,1,0.164405
1727,1,0.160995
1728,1,0.163185
1729,1,0.166675
1730,1,0.165387
1731,1,0.160441
1732,1,0.166675
1733,1,0.160209
1734,1,0.166611
1735,1,0.175995
1736,1,0.239374
1737,1,0.15709
1738,1,0.150553
1739,1,0.149488
1740,1,0.149213
1741,1,0.149133
1742,1,0.140836
1743,1,0.138697
1744,1,0.142894
1745,1,0.287433
1746,1,0.206982
1747,1,0.182646
1748,1,0.16321
1749,1,0.079208
1750,1,0.064984
1751,1,0.067093
1752,1,0.061677
1753,1,0.061502
1754,1,0.063057
1755,1,0.064248
1756,1,0.059081
1757,1,0.061174
1758,1,0.058791
1759,1,0.061375
1760,1,0.059533
1761,1,0.060105
1762,1,0.062118
1763,1,0.063269
1764,1,0.06141
1765,1,0.061077
1766,1,0.059851
1767,1,0.058158
1768,1,0.060586
1769,1,0.08083
1770,1,0.081918
1771,1,0.090428
1772,1,0.070893
1773,1,0.071533
1774,1,0.058458
1775,1,0.060437
1776,1,0.063721
1777,1,0.066318
1778,1,0.184943
1779,1,0.137633
1780,1,0.148379
1781,1,0.146436
1782,1,0.14875
1783,1,0.147729
1784,1,0.133883
1785,1,0.194307
1786,1,0.283365
1787,1,0.148155
1788,1,0.136401
1789,1,0.148221
1790,1,0.138199
1791,1,0.135426
1792,1,0.140099
1793,1,0.201424
1794,1,0.15809
1795,1,0.141695
1796,1,0.143495
1797,1,0.147088
1798,1,0.148004
1799,1,0.152314
1800,1,0.140459
1801,1,0.234258
1802,1,0.162944
1803,1,0.152575
1804,1,0.141605
1805,1,0.153498
1806,1,0.162322
1807,1,0.19468
1808,1,0.193601
1809,1,0.176636
1810,1,0.184347
1811,1,0.198809
1812,1,0.197486
1813,1,0.18872
1814,1,0.18343
1815,1,0.173098
1816,1,0.162141
1817,1,0.161821
1818,1,0.20373
1819,1,0.209641
1820,1,0.199098
1821,1,0.191896
1822,1,0.169586
1823,1,0.193136
1824,1,0.184698
1825,1,0.188847
1826,1,0.183301
1827,1,0.188987
1828,1,0.200196
1829,1,0.194232
1830,1,0.191657
1831,1,0.204391
1832,1,0.198798
1833,1,0.182022
1834,1,0.173892
1835,1,0.172872
1836,1,0.186031
1837,1,0.267732
1838,1,0.189709
1839,1,0.181136
1840,1,0.167982
1841,1,0.157432
1842,1,0.131817
1843,1,0.154918
1844,1,0.14431
1845,1,0.220584
1846,1,0.165158
1847,1,0.152761
1848,1,0.148805
1849,1,0.15083
1850,1,0.151376
1851,1,0.144621
1852,1,0.177586
1853,1,0.17373
1854,1,0.175673
1855,1,0.255056
1856,1,0.176538
1857,1,0.165458
1858,1,0.17223
1859,1,0.173895
1860,1,0.15729
1861,1,0.157015
1862,1,0.165483
1863,1,0.143683
1864,1,0.152394
1865,1,0.157815
1866,1,0.154871
1867,1,0.242015
1868,1,0.164961
1869,1,0.141714
1870,1,0.144844
1871,1,0.131069
1872,1,0.139415
1873,1,0.145403
1874,1,0.13179
1875,1,0.138016
1876,1,0.141973
1877,1,0.129043
1878,0,0.123694
1879,0,0.138913
1880,0,0.121834
1881,1,0.12114
1882,0,0.136137
1883,0,0.144682
1884,0,0.144159
1885,0,0.143017
1886,0,0.194013
1887,0,0.158338
1888,0,0.163584
1889,0,0.159086
1890,0,0.158362
1891,0,0.169413
1892,0,0.152922
1893,0,0.164825
1894,0,0.1615
1895,0,0.155925
1896,0,0.169126
1897,0,0.164371
1898,0,0.173005
1899,0,0.167315
1900,0,0.1564
1901,0,0.159822
1902,0,0.159841
1903,0,0.160575
1904,0,0.159921
1905,0,0.157826
1906,0,0.16068
1907,0,0.158469
1908,0,0.158852
1909,0,0.156082
1910,0,0.16788
1911,0,0.168509
1912,0,0.157877
1913,0,0.162932
1914,0,0.163402
1915,0,0.161166
1916,0,0.158747
1917,0,0.158959
1918,0,0.16405
1919,0,0.158273
1920,0,0.156586
1921,0,0.158569
1922,0,0.162863
1923,0,0.160783
1924,0,0.16877
1925,0,0.166356
1926,0,0.183231
1927,0,0.171637
1928,0,0.172294
1929,0,0.179997
1930,0,0.167914
1931,0,0.175294
1932,0,0.190195
1933,0,0.169777
1934,0,0.181304
1935,0,0.163231
1936,0,0.16305
1937,0,0.183455
1938,0,0.158987
1939,0,0.166743
1940,0,0.187083
1941,0,0.159455
1942,0,0.164454
1943,0,0.193655
1944,0,0.16436
1945,0,0.170584
1946,0,0.191168
1947,0,0.162153
1948,0,0.161407
1949,0,0.17518
1950,0,0.182846
1951,0,0.170747
1952,0,0.161566
1953,0,0.159478
1954,0,0.162762
1955,0,0.166314
1956,0,0.166163
1957,0,0.161779
1958,0,0.166374
1959,0,0.161948
1960,0,0.15392
1961,0,0.148415
1962,0,0.179144
1963,0,0.133899
1964,0,0.138168
1965,0,0.137627
1966,0,0.137857
1967,0,0.133211
1968,0,0.137814
1969,0,0.11842
1970,0,0.139921
1971,0,0.142552
1972,0,0.140332
1973,0,0.143441
1974,0,0.145982
1975,0,0.146922
1976,0,0.142597
1977,0,0.150049
1978,0,0.132257
1979,0,0.148915
1980,0,0.138347
1981,0,0.150426
1982,0,0.119896
1983,0,0.133957
1984,0,0.129822
1985,0,0.253743
1986,0,0.289569
1987,0,0.165333
1988,0,0.164308
1989,0,0.176293
1990,0,0.190484
1991,0,0.239326
1992,0,0.167109
1993,0,0.178461
1994,0,0.188267
1995,0,0.188356
1996,0,0.184682
1997,0,0.159217
1998,0,0.169268
1999,0,0.180346
2000,0,0.173343
2001,0,0.178318
2002,0,0.173989
2003,0,0.188549
2004,0,0.165583
2005,0,0.19015
2006,0,0.16153
2007,0,0.157341
2008,0,0.167132
2009,0,0.166176
2010,0,0.161661
2011,0,0.163553
2012,0,0.164751
2013,0,0.150045
2014,0,0.161718
2015,0,0.162774
2016,0,0.134734
2017,0,0.229894
2018,0,0.153489
2019,0,0.18202
2020,0,0.160216
2021,0,0.15189
2022,0,0.152447
2023,0,0.178014
2024,0,0.169076
2025,0,0.166119
2026,0,0.168134
2027,0,0.174165
2028,0,0.163907
2029,0,0.174849
2030,0,0.182661
2031,0,0.162545
2032,0,0.170249
2033,0,0.177918
2034,0,0.177699
2035,0,0.159119
2036,0,0.139864
2037,0,0.143672
2038,0,0.141694
2039,0,0.151328
2040,0,0.196283
2041,0,0.155999
2042,0,0.144884
2043,0,0.148889
2044,0,0.145688
2045,0,0.171302
2046,0,0.150179
2047,0,0.144217
2048,0,0.138293
2049,0,0.144346
2050,0,0.132064
2051,0,0.122761
2052,0,0.138236
2053,0,0.134141
2054,0,0.131729
2055,0,0.140443
2056,0,0.130143
2057,0,0.1398
2058,0,0.119882
2059,0,0.138976
2060,0,0.132759
2061,0,0.139302
2062,0,0.118038
2063,0,0.140436
2064,0,0.143717
2065,0,0.144367
2066,0,0.144599
2067,0,0.141557
2068,0,0.13642
2069,0,0.149025
2070,0,0.128896
2071,0,0.141365
2072,0,0.145885
2073,0,0.149774
2074,0,0.121491
2075,0,0.137763
2076,0,0.146314
2077,0,0.117193
2078,0,0.123105
2079,0,0.144937
2080,0,0.123797
2081,0,0.131516
2082,0,0.136363
2083,0,0.142443
2084,0,0.139686
2085,0,0.148826
2086,0,0.160662
2087,0,0.157486
2088,0,0.153431
2089,0,0.155059
2090,0,0.13514
2091,0,0.13174
2092,0,0.138021
2093,0,0.148999
2094,0,0.137043
2095,0,0.132564
2096,0,0.153324
2097,0,0.160632
2098,0,0.156899
2099,0,0.159842
2100,0,0.155672
2101,0,0.160101
2102,0,0.152994
2103,0,0.174281
2104,0,0.161035
2105,0,0.164774
2106,0,0.164532
2107,0,0.170057
2108,0,0.180113
2109,0,0.166937
2110,0,0.159531
2111,0,0.169269
2112,0,0.158205
2113,0,0.157896
2114,0,0.159709
2115,0,0.152983
2116,0,0.141234
2117,0,0.144443
2118,0,0.135435
2119,0,0.143602
2120,0,0.195882
2121,0,0.144837
2122,0,0.135152
2123,0,0.143589
2124,0,0.13803
2125,0,0.132045
2126,0,0.145094
2127,0,0.130158
2128,0,0.128681
2129,0,0.138836
2130,0,0.12919
2131,0,0.139128
2132,0,0.147951
2133,0,0.153728
2134,0,0.155956
2135,0,0.149974
2136,0,0.142088
2137,0,0.134835
2138,0,0.137143
2139,0,0.12977
2140,0,0.138736
2141,0,0.132552
2142,0,0.148341
2143,0,0.149664
2144,0,0.147683
2145,0,0.136468
2146,0,0.152234
2147,0,0.132022
2148,0,0.127954
2149,0,0.139287
2150,0,0.131199
2151,0,0.135159
2152,0,0.125274
2153,0,0.128765
2154,0,0.136118
2155,0,0.139314
2156,0,0.141662
2157,0,0.145185
2158,0,0.140932
2159,0,0.138661
2160,0,0.13134
2161,0,0.142202
2162,0,0.1628
2163,0,0.143341
2164,0,0.136613
2165,0,0.144951
2166,0,0.131032
2167,0,0.126858
2168,0,0.123606
2169,0,0.129775
2170,0,0.15833
2171,0,0.143852
2172,0,0.143003
2173,0,0.146226
2174,0,0.172096
2175,0,0.160415
2176,0,0.141443
2177,0,0.158203
2178,0,0.159835
2179,0,0.164783
2180,0,0.183071
2181,0,0.153804
2182,0,0.181225
2183,0,0.16235
2184,0,0.148181
2185,0,0.138364
2186,0,0.143438
2187,0,0.179399
2188,0,0.14216
2189,0,0.14333
2190,0,0.145918
2191,0,0.146363
2192,0,0.143517
2193,0,0.162866
2194,0,0.149726
2195,0,0.14142
2196,0,0.194276
2197,0,0.170383
2198,0,0.219117
2199,0,0.146362
2200,0,0.142786
2201,0,0.167499
2202,0,0.148821
2203,0,0.148768
2204,0,0.190553
2205,0,0.15426
2206,0,0.139551
2207,0,0.178839
2208,0,0.153957
2209,0,0.169122
2210,0,0.166404
2211,0,0.153963
2212,0,0.169239
2213,0,0.177534
2214,0,0.161734
2215,0,0.148627
2216,0,0.137458
2217,0,0.140203
2218,0,0.151442
2219,0,0.148327
2220,0,0.153858
2221,0,0.136598
2222,0,0.168973
2223,0,0.14256
2224,0,0.134847
2225,0,0.174894
2226,0,0.166637
2227,0,0.155455
2228,0,0.152581
2229,0,0.16715
2230,0,0.141235
2231,0,0.134022
2232,0,0.15596
2233,0,0.173721
2234,0,0.145799
2235,0,0.155454
2236,0,0.137183
2237,0,0.146751
2238,0,0.133188
2239,0,0.140982
2240,0,0.158191
2241,0,0.14873
2242,0,0.140608
2243,0,0.152839
2244,0,0.132236
2245,0,0.143689
2246,0,0.143038
2247,0,0.147504
2248,0,0.141204
2249,0,0.154807
2250,0,0.150164
2251,0,0.160491
2252,0,0.16733
2253,0,0.149453
2254,0,0.153077
2255,0,0.156705
2256,0,0.158018
2257,0,0.151996
2258,0,0.150028
2259,0,0.148239
2260,0,0.152245
2261,0,0.154676
2262,0,0.163186
2263,0,0.16475
2264,0,0.166416
2265,0,0.16092
2266,0,0.15956
2267,0,0.163366
2268,0,0.16161
2269,0,0.1699
2270,0,0.167092
2271,0,0.155463
2272,0,0.152129
2273,0,0.157435
2274,0,0.154653
2275,0,0.167917
2276,0,0.166214
2277,0,0.155179
2278,0,0.15398
2279,0,0.162615
2280,0,0.153905
2281,0,0.158836
2282,0,0.167985
2283,0,0.168048
2284,0,0.165187
2285,0,0.14013
2286,0,0.155121
2287,0,0.152323
2288,0,0.157005
2289,0,0.161898
2290,0,0.150482
2291,0,0.132014
2292,0,0.143818
2293,0,0.144848
2294,0,0.156393
2295,0,0.136834
2296,0,0.149165
2297,0,0.149137
2298,0,0.143831
2299,0,0.152344
2300,0,0.165859
2301,0,0.15461
2302,0,0.163067
2303,0,0.160525
2304,0,0.151181
2305,0,0.156398
2306,0,0.161747
2307,0,0.157065
2308,0,0.153654
2309,0,0.162478
2310,0,0.149749
2311,0,0.163878
2312,0,0.160545
2313,0,0.16043
2314,0,0.161834
2315,0,0.152264
2316,0,0.168174
2317,0,0.214446
2318,0,0.128928
2319,0,0.157611
2320,0,0.152872
2321,0,0.149225
2322,0,0.151518
2323,0,0.165249
2324,0,0.152366
2325,0,0.152443
2326,0,0.155384
2327,0,0.157452
2328,0,0.15483
2329,0,0.151259
2330,0,0.151636
2331,0,0.150184
2332,0,0.152268
2333,0,0.152363
2334,0,0.151823
2335,0,0.151097
2336,0,0.155002
2337,0,0.153522
2338,0,0.153085
2339,0,0.153127
2340,0,0.150588
2341,0,0.15272
2342,0,0.150894
2343,0,0.152589
2344,0,0.162073
2345,0,0.163505
2346,0,0.169292
2347,0,0.153644
2348,0,0.149589
2349,0,0.15562
2350,0,0.155669
2351,0,0.151536
2352,0,0.154479
2353,0,0.151879
2354,0,0.150093
2355,0,0.151405
2356,0,0.148463
2357,0,0.152715
2358,0,0.153135
2359,0,0.148288
2360,0,0.147284
2361,0,0.151965
2362,0,0.14945
2363,0,0.149384
2364,0,0.149921
2365,0,0.1499
2366,0,0.152387
2367,0,0.223408
2368,0,0.154451
2369,0,0.152321
2370,0,0.15307
2371,0,0.153797
2372,0,0.149266
2373,0,0.153941
2374,0,0.152477
2375,0,0.153547
2376,0,0.152346
2377,0,0.148968
2378,0,0.15694
2379,0,0.1532
2380,0,0.150061
2381,0,0.154884
2382,0,0.149305
2383,0,0.148527
2384,0,0.153972
2385,0,0.152482
2386,0,0.146978
2387,0,0.150168
2388,1,0.152368
2389,1,0.150433
2390,1,0.176245
2391,0,0.148646
2392,1,0.151206
2393,0,0.152106
2394,0,0.147028
2395,1,0.144849
2396,1,0.144541
2397,1,0.148951
2398,1,0.15177
2399,1,0.144522
2400,1,0.145708
2401,1,0.152147
2402,1,0.156425
2403,1,0.161933
2404,1,0.157602
2405,1,0.164756
2406,1,0.162255
2407,1,0.152307
2408,1,0.158289
2409,1,0.16175
2410,1,0.163397
2411,1,0.157667
2412,1,0.133415
2413,1,0.127773
2414,1,0.228627
2415,1,0.148489
2416,1,0.149988
2417,1,0.150764
2418,1,0.150892
2419,1,0.147961
2420,1,0.153037
2421,1,0.150493
2422,1,0.15396
2423,1,0.158757
2424,1,0.153697
2425,1,0.149879
2426,1,0.160991
2427,1,0.162201
2428,1,0.149493
2429,1,0.154512
2430,1,0.15742
2431,1,0.165159
2432,1,0.154578
2433,1,0.147269
2434,1,0.132913
2435,1,0.15547
2436,1,0.160006
2437,1,0.156163
2438,1,0.148019
2439,1,0.15559
2440,1,0.159479
2441,1,0.16008
2442,1,0.156098
2443,1,0.158873
2444,1,0.149145
2445,1,0.152665
2446,1,0.157314
2447,1,0.161358
2448,1,0.153093
2449,1,0.152094
2450,1,0.149477
2451,1,0.153756
2452,1,0.153982
2453,1,0.153946
2454,1,0.150189
2455,1,0.155172
2456,1,0.153977
2457,1,0.152229
2458,1,0.149975
2459,1,0.15088
2460,1,0.150947
2461,1,0.155991
2462,1,0.149886
2463,1,0.153767
2464,1,0.150895
2465,1,0.150158
2466,1,0.151776
2467,1,0.153427
2468,1,0.150818
2469,1,0.14404
2470,1,0.153059
2471,1,0.214208
2472,1,0.159805
2473,1,0.150738
2474,1,0.147964
2475,1,0.146965
2476,1,0.160576
2477,1,0.154914
2478,1,0.157651
2479,1,0.156943
2480,1,0.163467
2481,1,0.162193
2482,1,0.158527
2483,1,0.158744
2484,1,0.159865
2485,1,0.152052
2486,1,0.151527
2487,1,0.153929
2488,1,0.155489
2489,1,0.163826
2490,1,0.155799
2491,1,0.154144
2492,1,0.164087
2493,1,0.164585
2494,1,0.151452
2495,1,0.150407
2496,1,0.154428
2497,1,0.155061
2498,1,0.160453
2499,1,0.178028
2500,1,0.163555
2501,1,0.216064
2502,1,0.148013
2503,1,0.145936
2504,1,0.152139
2505,1,0.131161
2506,1,0.13896
2507,1,0.146818
2508,1,0.158677
2509,1,0.160668
2510,1,0.152375
2511,1,0.156259
2512,1,0.164504
2513,1,0.159239
2514,1,0.157522
2515,1,0.160509
2516,1,0.163052
2517,1,0.158835
2518,1,0.158188
2519,1,0.164732
2520,1,0.152856
2521,1,0.14255
2522,1,0.221908
2523,1,0.158679
2524,1,0.198993
2525,1,0.159562
2526,1,0.160059
2527,1,0.148277
2528,1,0.161133
2529,1,0.149903
2530,1,0.155992
2531,1,0.145285
2532,1,0.148367
2533,1,0.151359
2534,1,0.158894
2535,1,0.159082
2536,1,0.151462
2537,1,0.147806
2538,1,0.14972
2539,1,0.148093
2540,1,0.151936
2541,1,0.161538
2542,1,0.15839
2543,1,0.15918
2544,1,0.142468
2545,1,0.145017
2546,1,0.136893
2547,1,0.152633
2548,1,0.153775
2549,1,0.154192
2550,1,0.155833
2551,1,0.158468
2552,1,0.153184
2553,1,0.166508
2554,1,0.15952
2555,1,0.165912
2556,1,0.181634
2557,1,0.15331
2558,1,0.170062
2559,1,0.168704
2560,1,0.140861
2561,1,0.137899
2562,2,0.158469
2563,2,0.177491
2564,2,0.242966
2565,1,0.182623
2566,1,0.170248
2567,1,0.154524
2568,1,0.177496
2569,1,0.154573
2570,1,0.165551
2571,1,0.158534
2572,1,0.167796
2573,1,0.184024
2574,1,0.16436
2575,1,0.177801
2576,1,0.151694
2577,1,0.192277
2578,1,0.201184
2579,1,0.147773
2580,1,0.152871
2581,1,0.153003
2582,1,0.157009
2583,1,0.152925
2584,1,0.176849
2585,1,0.162389
2586,1,0.169143
2587,1,0.152749
2588,1,0.149328
2589,2,0.170467
2590,2,0.16386
2591,1,0.148776
2592,1,0.151362
2593,0,0.177223
2594,0,0.170491
2595,1,0.161492
2596,1,0.159918
2597,1,0.16444
2598,1,0.410934
2599,1,0.189025
2600,1,0.156164
2601,1,0.179199
2602,1,0.186323
2603,1,0.174963
2604,1,0.157081
2605,1,0.169647
2606,1,0.183201
2607,1,0.316719
2608,1,0.157461
2609,1,0.164755
2610,1,0.201424
2611,1,0.175883
2612,1,0.161155
2613,1,0.160087
2614,1,0.159821
2615,0,0.162517
2616,0,0.177076
2617,0,0.205513
2618,0,0.157073
2619,0,0.165664
2620,0,0.162765
2621,0,0.307746
2622,0,0.16514
2623,0,0.200915
2624,0,0.1548
2625,0,0.201269
2626,1,0.207874
2627,0,0.195997
2628,0,0.170326
2629,0,0.161128
2630,0,0.168875
2631,0,0.16178
2632,0,0.146485
2633,0,0.15468
2634,0,0.154742
2635,0,0.158818
2636,0,0.150839
2637,0,0.153261
2638,0,0.182694
2639,0,0.195522
2640,0,0.158997
2641,0,0.154273
2642,0,0.158606
2643,0,0.160544
2644,0,0.158159
2645,0,0.156858
2646,0,0.160709
2647,0,0.156624
2648,0,0.154432
2649,0,0.156966
2650,0,0.1531
2651,0,0.153901
2652,0,0.160799
2653,0,0.170234
2654,0,0.164319
2655,0,0.155246
2656,0,0.156425
2657,0,0.158168
2658,0,0.158369
2659,0,0.157694
2660,0,0.165621
2661,0,0.163613
2662,0,0.162128
2663,0,0.183918
2664,0,0.169893
2665,0,0.166492
2666,0,0.17118
2667,0,0.17164
2668,0,0.162057
2669,0,0.179993
2670,0,0.157536
2671,0,0.157048
2672,0,0.173229
2673,0,0.151128
2674,0,0.15476
2675,0,0.182208
2676,0,0.161015
2677,0,0.153611
2678,0,0.161849
2679,0,0.204658
2680,0,0.205731
2681,0,0.194676
2682,0,0.193217
2683,0,0.181051
2684,0,0.182916
2685,0,0.154452
2686,0,0.158048
2687,0,0.158213
2688,0,0.15563
2689,0,0.16044
2690,0,0.151796
2691,0,0.156778
2692,0,0.158308
2693,0,0.152291
2694,0,0.141415
2695,0,0.15469
2696,0,0.153125
2697,0,0.154231
2698,0,0.146379
2699,0,0.151507
2700,0,0.155503
2701,0,0.170892
2702,0,0.222151
2703,0,0.161803
2704,0,0.168894
2705,0,0.165332
2706,0,0.170203
2707,0,0.159381
2708,0,0.299035
2709,0,0.162952
2710,0,0.155908
2711,0,0.156251
2712,0,0.158173
2713,0,0.153584
2714,0,0.153775
2715,0,0.154436
2716,0,0.154743
2717,0,0.148095
2718,0,0.152141
2719,0,0.156241
2720,0,0.200288
2721,0,0.18739
2722,0,0.15843
2723,0,0.152921
2724,0,0.15762
2725,0,0.160726
2726,0,0.185996
2727,0,0.198548
2728,0,0.160271
2729,0,0.152984
2730,0,0.162918
2731,0,0.201357
2732,0,0.186612
2733,0,0.177028
2734,0,0.158645
2735,0,0.195529
2736,0,0.185275
2737,0,0.150661
2738,0,0.153249
2739,0,0.157129
2740,0,0.153343
2741,0,0.157992
2742,0,0.163103
2743,0,0.158336
2744,0,0.153683
2745,0,0.154645
2746,0,0.162012
2747,0,0.181826
2748,0,0.177024
2749,0,0.157803
2750,0,0.146733
2751,0,0.159498
2752,0,0.19564
2753,0,0.181771
2754,0,0.149418
2755,0,0.150548
2756,0,0.189178
2757,0,0.173021
2758,0,0.157147
2759,0,0.151583
2760,0,0.156781
2761,0,0.196988
2762,0,0.178934
2763,0,0.162466
2764,0,0.192619
2765,0,0.192854
2766,0,0.176174
2767,0,0.197547
2768,0,0.192318
2769,0,0.164061
2770,0,0.154029
2771,0,0.156773
2772,0,0.154317
2773,0,0.158385
2774,0,0.186806
2775,0,0.179594
2776,0,0.154136
2777,0,0.196166
2778,0,0.206823
2779,0,0.200069
2780,0,0.160795
2781,0,0.153395
2782,0,0.154225
2783,1,0.178819
2784,1,0.192428
2785,1,0.18807
2786,1,0.191769
2787,1,0.163152
2788,1,0.153091
2789,1,0.151728
2790,1,0.15404
2791,1,0.19211
2792,1,0.19081
2793,1,0.211989
2794,1,0.181316
2795,1,0.197279
2796,1,0.199536
2797,1,0.195154
2798,1,0.191042
2799,1,0.159206
2800,1,0.160179
2801,1,0.161582
2802,1,0.299162
2803,1,0.160002
2804,1,0.154935
2805,1,0.156784
2806,1,0.16063
2807,1,0.163132
2808,1,0.171534
2809,1,0.165018
2810,1,0.16226
2811,1,0.159377
2812,1,0.1623
2813,1,0.16798
2814,1,0.158333
2815,1,0.157433
2816,1,0.164679
2817,1,0.157956
2818,1,0.166606
2819,1,0.161016
2820,1,0.162934
2821,1,0.156666
2822,1,0.155726
2823,1,0.161998
2824,1,0.157357
2825,1,0.159508
2826,1,0.170223
2827,1,0.169293
2828,1,0.163196
2829,1,0.162436
2830,1,0.153883
2831,1,0.159799
2832,1,0.150303
2833,1,0.150245
2834,1,0.151044
2835,0,0.146582
2836,1,0.149657
2837,1,0.149122
2838,1,0.149183
2839,1,0.148939
2840,1,0.210384
2841,1,0.189292
2842,1,0.179783
2843,1,0.156928
2844,1,0.155162
2845,1,0.190249
2846,1,0.144333
2847,1,0.146069
2848,1,0.151719
2849,1,0.246837
2850,1,0.215332
2851,1,0.178672
2852,1,0.179614
2853,1,0.083402
2854,1,0.069495
2855,1,0.060942
2856,1,0.069598
2857,1,0.057988
2858,1,0.073113
2859,1,0.069672
2860,1,0.065209
2861,1,0.063623
2862,1,0.06182
2863,1,0.057008
2864,1,0.057722
2865,1,0.057566
2866,1,0.05868
2867,1,0.061273
2868,1,0.062016
2869,1,0.058094
2870,1,0.059005
2871,1,0.054216
2872,1,0.05583
2873,1,0.054171
2874,1,0.05843
2875,1,0.059285
2876,1,0.059558
2877,1,0.056765
2878,1,0.053775
2879,1,0.064495
2880,1,0.063902
2881,1,0.068664
2882,1,0.075547
2883,1,0.067518
2884,1,0.067468
2885,1,0.063892
2886,1,0.064351
2887,1,0.063092
2888,1,0.065098
2889,1,0.062191
2890,1,0.062959
2891,1,0.057655
2892,1,0.062589
2893,1,0.062079
2894,1,0.060194
2895,1,0.061251
2896,1,0.056317
2897,1,0.062396
2898,1,0.151177
2899,1,0.170022
2900,1,0.139539
2901,1,0.2206
2902,1,0.146403
2903,1,0.12865
2904,1,0.147618
2905,1,0.215977
2906,1,0.152025
2907,1,0.143654
2908,1,0.146258
2909,1,0.149873
2910,1,0.151571
2911,1,0.157684
2912,1,0.149342
2913,1,0.214654
2914,1,0.148
2915,1,0.157987
2916,1,0.152412
2917,1,0.161087
2918,1,0.147591
2919,1,0.127211
2920,1,0.142754
2921,1,0.184832
2922,1,0.190843
2923,1,0.165961
2924,1,0.190036
2925,1,0.174326
2926,1,0.168767
2927,1,0.164592
2928,1,0.154175
2929,1,0.151072
2930,1,0.172788
2931,1,0.176266
2932,1,0.173165
2933,1,0.152988
2934,1,0.179587
2935,1,0.149956
2936,1,0.179114
2937,1,0.16573
2938,1,0.162137
2939,1,0.170685
2940,1,0.166856
2941,1,0.173033
2942,1,0.165953
2943,1,0.175836
2944,1,0.163505
2945,1,0.165621
2946,1,0.169458
2947,1,0.183365
2948,1,0.129617
2949,1,0.065963
2950,1,0.061824
2951,1,0.05492
2952,1,0.056027
2953,1,0.053996
2954,1,0.054437
2955,1,0.054957
2956,1,0.055593
2957,1,0.056962
2958,1,0.056061
2959,1,0.10876
2960,1,0.171808
2961,1,0.155654
2962,1,0.15873
2963,1,0.163586
2964,1,0.154468
2965,1,0.155107
2966,1,0.15505
2967,1,0.15016
2968,1,0.151541
2969,1,0.141289
2970,1,0.144057
2971,1,0.148819
2972,1,0.147746
2973,1,0.158524
2974,1,0.150754
2975,1,0.142702
2976,1,0.156482
2977,1,0.149105
2978,1,0.144186
2979,1,0.14768
2980,1,0.148841
2981,1,0.152984
2982,1,0.149863
2983,1,0.170484
2984,1,0.157538
2985,1,0.155513
2986,1,0.150626
2987,1,0.150048
2988,1,0.151874
2989,1,0.151225
2990,1,0.1564
2991,1,0.152635
2992,0,0.152775
2993,0,0.179957
2994,0,0.1618
2995,1,0.159723
2996,1,0.151526
2997,1,0.148567
2998,1,0.154315
2999,1,0.151407
3000,1,0.155983
3001,1,0.154599
3002,1,0.148983
3003,1,0.149619
3004,1,0.157482
3005,1,0.156304
3006,1,0.153901
3007,0,0.150679
3008,0,0.136829
3009,1,0.151928
3010,0,0.151023
3011,0,0.173269
3012,0,0.243821
3013,0,0.075582
3014,0,0.057911
3015,0,0.064319
3016,0,0.058815
3017,0,0.067268
3018,0,0.058634
3019,0,0.057872
3020,0,0.05782
3021,0,0.057573
3022,0,0.057883
3023,0,0.060843
3024,0,0.055535
3025,0,0.057795
3026,0,0.103922
3027,0,0.18872
3028,0,0.173308
3029,0,0.16814
3030,0,0.178587
3031,0,0.182146
3032,0,0.156611
3033,0,0.15946
3034,0,0.14884
3035,0,0.150358
3036,0,0.145574
3037,0,0.146652
3038,0,0.145921
3039,0,0.152135
3040,0,0.153284
3041,0,0.1503
3042,0,0.150891
3043,0,0.15059
3044,0,0.149511
3045,0,0.166724
3046,0,0.164248
3047,0,0.159702
3048,0,0.165987
3049,0,0.167495
3050,0,0.165822
3051,0,0.173978
3052,0,0.182569
3053,0,0.186049
3054,0,0.17505
3055,0,0.177941
3056,0,0.194976
3057,1,0.174245
3058,1,0.17637
3059,1,0.156147
3060,1,0.155067
3061,1,0.154193
3062,1,0.167696
3063,1,0.153858
3064,1,0.1478
3065,0,0.171486
3066,0,0.175911
3067,0,0.153077
3068,0,0.161672
3069,1,0.151689
3070,1,0.240545
3071,1,0.142177
3072,0,0.185883
3073,0,0.160106
3074,0,0.157075
3075,0,0.165097
3076,0,0.164085
3077,0,0.154033
3078,0,0.150323
3079,0,0.173043
3080,0,0.157378
3081,1,0.150812
3082,0,0.156459
3083,0,0.149562
3084,0,0.154479
3085,0,0.151275
3086,0,0.150919
3087,0,0.150501
3088,0,0.154581
3089,0,0.153126
3090,0,0.156748
3091,0,0.15455
3092,0,0.155185
3093,0,0.147893
3094,0,0.150071
3095,0,0.153063
3096,0,0.149881
3097,0,0.1524
3098,0,0.182625
3099,0,0.152074
3100,0,0.150376
3101,0,0.156219
3102,0,0.151626
3103,0,0.155983
3104,0,0.153209
3105,0,0.150445
3106,0,0.140798
3107,0,0.150573
3108,0,0.148588
3109,0,0.142948
3110,0,0.144407
3111,0,0.155139
3112,0,0.148052
3113,0,0.154243
3114,0,0.150166
3115,0,0.153701
3116,0,0.151567
3117,0,0.154159
3118,0,0.151419
3119,0,0.153531
3120,0,0.155866
3121,0,0.149347
3122,0,0.16672
3123,0,0.151856
3124,0,0.153563
3125,0,0.153226
3126,0,0.147383
3127,0,0.145249
3128,0,0.153193
3129,0,0.145348
3130,0,0.147899
3131,0,0.14689
3132,0,0.144546
3133,0,0.147783
3134,0,0.146734
3135,0,0.160854
3136,0,0.151011
3137,0,0.153401
3138,0,0.158277
3139,0,0.152847
3140,0,0.156252
3141,0,0.153925
3142,0,0.14849
3143,1,0.150823
3144,0,0.150235
3145,0,0.154597
3146,0,0.15632
3147,0,0.152164
3148,0,0.147725
3149,0,0.153896
3150,0,0.152056
3151,0,0.155126
3152,0,0.157605
3153,0,0.15533
3154,0,0.152134
3155,0,0.150995
3156,0,0.151359
3157,0,0.145152
3158,0,0.15332
3159,0,0.151311
3160,0,0.151116
3161,0,0.211165
3162,0,0.169918
3163,0,0.151837
3164,0,0.163309
3165,0,0.171766
3166,0,0.159521
3167,0,0.143378
3168,0,0.144779
3169,0,0.14486
3170,0,0.15242
3171,0,0.153127
3172,0,0.150497
3173,0,0.15075
3174,0,0.149583
3175,0,0.154811
3176,0,0.157193
3177,0,0.150196
3178,0,0.15184
3179,0,0.154864
3180,0,0.15697
3181,0,0.150751
3182,0,0.148194
3183,0,0.146139
3184,0,0.148376
3185,0,0.150358
3186,0,0.150185
3187,0,0.144921
3188,0,0.158358
3189,0,0.148878
3190,0,0.149577
3191,0,0.15492
3192,0,0.157425
3193,0,0.155027
3194,0,0.149503
3195,0,0.150101
3196,0,0.15011
3197,0,0.145526
3198,0,0.153533
3199,0,0.151794
3200,0,0.153282
3201,0,0.153297
3202,0,0.149451
3203,0,0.153108
3204,0,0.149237
3205,0,0.149503
3206,0,0.151629
3207,0,0.151652
3208,0,0.150384
3209,0,0.215527
3210,0,0.149243
3211,0,0.149276
3212,0,0.148959
3213,0,0.161451
3214,0,0.185205
3215,0,0.152822
3216,0,0.151641
3217,0,0.158472
3218,0,0.160919
3219,0,0.156138
3220,0,0.147872
3221,0,0.141101
3222,0,0.147935
3223,0,0.154396
3224,0,0.153102
3225,0,0.15068
3226,0,0.151815
3227,0,0.148812
3228,0,0.150885
3229,0,0.158367
3230,0,0.148138
3231,0,0.152226
3232,0,0.154552
3233,0,0.150212
3234,0,0.152749
3235,0,0.150533
3236,0,0.162475
3237,0,0.142734
3238,0,0.150369
3239,0,0.147793
3240,0,0.150018
3241,0,0.157517
3242,0,0.158465
3243,0,0.148051
3244,0,0.15075
3245,0,0.150959
3246,0,0.145139
3247,0,0.14859
3248,0,0.149113
3249,0,0.150671
3250,0,0.153737
3251,0,0.150974
3252,0,0.146748
3253,0,0.151765
3254,0,0.152667
3255,0,0.152778
3256,0,0.149022
3257,0,0.146946
3258,0,0.146285
3259,0,0.149355
3260,0,0.149158
3261,0,0.153848
3262,0,0.153133
3263,0,0.147521
3264,0,0.156503
3265,0,0.154569
3266,0,0.141389
3267,0,0.152465
3268,0,0.153125
3269,0,0.154257
3270,0,0.151867
3271,0,0.148779
3272,0,0.148299
3273,0,0.154923
3274,0,0.140328
3275,0,0.134116
3276,0,0.150537
3277,0,0.148549
3278,0,0.16134
3279,0,0.153801
3280,0,0.152642
3281,0,0.151221
3282,0,0.143814
3283,0,0.147699
3284,0,0.148887
3285,0,0.147782
3286,0,0.152259
3287,0,0.149197
3288,0,0.147506
3289,0,0.152389
3290,0,0.156838
3291,0,0.146409
3292,0,0.148287
3293,0,0.157077
3294,0,0.151642
3295,0,0.150355
3296,0,0.15413
3297,0,0.146221
3298,0,0.149986
3299,0,0.14567
3300,0,0.149593
3301,0,0.157339
3302,0,0.149644
3303,0,0.176381
3304,0,0.181942
3305,0,0.151149
3306,0,0.178183
3307,0,0.153699
3308,0,0.178955
3309,0,0.161166
3310,0,0.165294
3311,0,0.166818
3312,0,0.21922
3313,0,0.164904
3314,0,0.15499
3315,0,0.176614
3316,1,0.161685
3317,0,0.171808
3318,0,0.180905
3319,0,0.180444
3320,0,0.166118
3321,1,0.163381
3322,1,0.208591
3323,1,0.179709
3324,1,0.178652
3325,1,0.167059
3326,1,0.212828
3327,1,0.155467
3328,1,0.169221
3329,1,0.146865
3330,1,0.150063
3331,1,0.154105
3332,1,0.154629
3333,1,0.150312
3334,1,0.152478
3335,1,0.149874
3336,1,0.159364
3337,1,0.151446
3338,1,0.145597
3339,1,0.149727
3340,1,0.146906
3341,1,0.147592
3342,1,0.148089
3343,1,0.148553
3344,1,0.152331
3345,1,0.1524
3346,1,0.148381
3347,1,0.149157
3348,1,0.151498
3349,1,0.150864
3350,1,0.148841
3351,1,0.149247
3352,1,0.153842
3353,1,0.152334
3354,1,0.154365
3355,0,0.159584
3356,0,0.149369
3357,0,0.147113
3358,0,0.149114
3359,1,0.150993
3360,1,0.150735
3361,0,0.150277
3362,0,0.16304
3363,1,0.182337
3364,1,0.169302
3365,0,0.164672
3366,1,0.164626
3367,1,0.151114
3368,1,0.149835
3369,1,0.14925
3370,1,0.154673
3371,1,0.148456
3372,1,0.153205
3373,1,0.154048
3374,1,0.14754
3375,1,0.151048
3376,1,0.145745
3377,1,0.147296
3378,1,0.146835
3379,1,0.149537
3380,1,0.149078
3381,1,0.151863
3382,1,0.149336
3383,1,0.142895
3384,1,0.153113
3385,1,0.155243
3386,1,0.151673
3387,1,0.157651
3388,1,0.149
3389,0,0.156846
3390,1,0.208523
3391,1,0.153561
3392,1,0.152121
3393,1,0.139517
3394,1,0.151365
3395,1,0.150482
3396,1,0.15237
3397,1,0.155238
3398,1,0.154002
3399,1,0.153728
3400,1,0.153452
3401,1,0.1602
3402,1,0.152747
3403,1,0.153408
3404,1,0.15609
3405,1,0.144478
3406,1,0.147652
3407,1,0.152567
3408,1,0.151245
3409,1,0.149313
3410,1,0.185567
3411,1,0.15955
3412,1,0.157373
3413,1,0.146876
3414,1,0.164705
3415,1,0.158758
3416,1,0.163854
3417,1,0.168943
3418,1,0.148886
3419,1,0.153873
3420,1,0.159486
3421,1,0.158962
3422,1,0.200269
3423,1,0.169046
3424,1,0.159362
3425,1,0.157856
3426,1,0.146455
3427,1,0.156371
3428,1,0.169258
3429,2,0.148035
3430,2,0.150258
3431,2,0.17343
3432,2,0.153406
3433,2,0.155446
3434,2,0.152605
3435,2,0.16306
3436,2,0.153464
3437,2,0.14188
3438,2,0.146024
3439,2,0.145443
3440,2,0.164096
3441,2,0.154751
3442,2,0.146347
3443,2,0.163872
3444,2,0.155184
3445,2,0.149125
3446,2,0.219025
3447,2,0.153858
3448,2,0.157925
3449,2,0.152
3450,2,0.151117
3451,2,0.153172
3452,2,0.154426
3453,2,0.15013
3454,2,0.158043
3455,2,0.158794
3456,2,0.165453
3457,2,0.16015
3458,2,0.161666
3459,2,0.154091
3460,2,0.175507
3461,2,0.176627
3462,2,0.153099
3463,2,0.150297
3464,2,0.159967
3465,2,0.153105
3466,2,0.144157
3467,2,0.157122
3468,2,0.141299
3469,2,0.150816
3470,2,0.14614
3471,2,0.151232
3472,2,0.152517
3473,2,0.155146
3474,2,0.14385
3475,2,0.156982
3476,2,0.149803
3477,2,0.15142
3478,2,0.152828
3479,2,0.150991
3480,2,0.150661
3481,2,0.15159
3482,2,0.147611
3483,3,0.141982
3484,3,0.145194
3485,3,0.152752
3486,2,0.148734
3487,2,0.150848
3488,2,0.148279
3489,2,0.141979
3490,2,0.159422
3491,2,0.152003
3492,2,0.150145
3493,2,0.156567
3494,2,0.142367
3495,2,0.155858
3496,2,0.155502
3497,2,0.151916
3498,2,0.149193
3499,2,0.147883
3500,2,0.152909
3501,2,0.150283
3502,2,0.152945
3503,3,0.157279
3504,2,0.150512
3505,2,0.145853
3506,2,0.156939
3507,2,0.151521
3508,2,0.162552
3509,2,0.168177
3510,2,0.157125
3511,2,0.153448
3512,2,0.152694
3513,2,0.162411
3514,2,0.151602
3515,2,0.151692
3516,2,0.146633
3517,2,0.154245
3518,2,0.154006
3519,2,0.164675
3520,2,0.156775
3521,2,0.159827
3522,2,0.151549
3523,2,0.151063
3524,2,0.151087
3525,3,0.155167
3526,2,0.157049
3527,2,0.153205
3528,2,0.152975
3529,2,0.151666
3530,2,0.151541
3531,2,0.143327
3532,2,0.152352
3533,2,0.155841
3534,3,0.147054
3535,3,0.150376
3536,3,0.157576
3537,2,0.150762
3538,3,0.146979
3539,3,0.151026
3540,3,0.154114
3541,3,0.148856
3542,3,0.155137
3543,5,0.154559
3544,3,0.155415
3545,3,0.152566
3546,4,0.151866
3547,3,0.150399
3548,3,0.152336
3549,3,0.1547
3550,3,0.148148
3551,3,0.148221
3552,3,0.146791
3553,3,0.152765
3554,3,0.148461
3555,3,0.150918
3556,3,0.149592
3557,3,0.15013
3558,3,0.147831
3559,3,0.149903
3560,3,0.148855
3561,4,0.141767
3562,3,0.145952
3563,4,0.148856
3564,3,0.149216
3565,3,0.156045
3566,3,0.154164
3567,3,0.15171
3568,3,0.148682
3569,3,0.144917
3570,3,0.145547
3571,1,0.15793
3572,1,0.162207
3573,2,0.142001
3574,1,0.137837
3575,3,0.161515
3576,2,0.147413
3577,3,0.151919
3578,3,0.1513
3579,3,0.151907
3580,3,0.14482
3581,3,0.144855
3582,3,0.15608
3583,3,0.153662
3584,3,0.153205
3585,3,0.151686
3586,3,0.14997
3587,3,0.153308
3588,3,0.146087
3589,3,0.151551
3590,3,0.170837
3591,4,0.154164
3592,3,0.156242
3593,3,0.153944
3594,4,0.159635
3595,3,0.149062
3596,3,0.152593
3597,4,0.157039
3598,3,0.205215
3599,3,0.173824
3600,3,0.163926
3601,3,0.153903
3602,3,0.15392
3603,3,0.155175
3604,3,0.152435
3605,3,0.151185
3606,3,0.158995
3607,3,0.159519
3608,3,0.15544
3609,3,0.152041
3610,3,0.149641
3611,3,0.152806
3612,3,0.150989
3613,4,0.156065
3614,4,0.146595
3615,3,0.149934
3616,4,0.172555
3617,3,0.153085
3618,4,0.154843
3619,3,0.150303
3620,3,0.149636
3621,3,0.154209
3622,3,0.140631
3623,3,0.064168
3624,3,0.060798
3625,3,0.05631
3626,3,0.054763
3627,3,0.054513
3628,3,0.058315
3629,3,0.05924
3630,3,0.059062
3631,3,0.062897
3632,3,0.05552
3633,3,0.05418
3634,3,0.05331
3635,3,0.054679
3636,3,0.057355
3637,3,0.064013
3638,3,0.141402
3639,3,0.066261
3640,3,0.055652
3641,3,0.063592
3642,3,0.055626
3643,2,0.178717
3644,2,0.160103
3645,3,0.155563
3646,3,0.160906
3647,2,0.15817
3648,2,0.15294
3649,2,0.141637
3650,2,0.148267
3651,2,0.146535
3652,2,0.146781
3653,2,0.148266
3654,2,0.152063
3655,2,0.141269
3656,2,0.137763
3657,2,0.245068
3658,2,0.148085
3659,2,0.143549
3660,2,0.146542
3661,2,0.151427
3662,2,0.152206
3663,2,0.147175
3664,2,0.152792
3665,3,0.154638
3666,2,0.160412
3667,1,0.164014
3668,2,0.160656
3669,2,0.153671
3670,2,0.150885
3671,2,0.156864
3672,2,0.153254
3673,2,0.154943
3674,2,0.158739
3675,2,0.134022
3676,1,0.15448
3677,2,0.156234
3678,2,0.15323
3679,2,0.148294
3680,2,0.145837
3681,2,0.150141
3682,2,0.14749
3683,1,0.150034
3684,1,0.149685
3685,2,0.174128
3686,2,0.174195
3687,2,0.150264
3688,2,0.176593
3689,2,0.160822
3690,2,0.166889
3691,2,0.158008
3692,2,0.196525
3693,2,0.157623
3694,2,0.174809
3695,2,0.163472
3696,2,0.160035
3697,2,0.181402
3698,2,0.156905
3699,2,0.158472
3700,2,0.155003
3701,2,0.188291
3702,2,0.175059
3703,2,0.167116
3704,2,0.16201
3705,2,0.165673
3706,2,0.175809
3707,2,0.171164
3708,2,0.205923
3709,2,0.182729
3710,2,0.156772
3711,2,0.160954
3712,3,0.145774
3713,2,0.147369
3714,2,0.158436
3715,2,0.148501
3716,2,0.143486
3717,2,0.154746
3718,2,0.155059
3719,2,0.153529
3720,2,0.153177
3721,3,0.158844
3722,3,0.14875
3723,2,0.155627
3724,2,0.165953
3725,3,0.172723
3726,3,0.170358
3727,2,0.166239
3728,2,0.164555
3729,2,0.154488
3730,2,0.153904
3731,3,0.152719
3732,2,0.153475
3733,2,0.152348
3734,2,0.174664
3735,2,0.163293
3736,3,0.169701
3737,2,0.161883
3738,3,0.166179
3739,3,0.156211
3740,3,0.152062
3741,3,0.156179
3742,2,0.134996
3743,2,0.148406
3744,2,0.151936
3745,2,0.153566
3746,2,0.154864
3747,3,0.160581
3748,3,0.157054
3749,3,0.152226
3750,2,0.153343
3751,2,0.156445
3752,2,0.151827
3753,2,0.145719
3754,2,0.159203
3755,2,0.161423
3756,2,0.158078
3757,2,0.158768
3758,2,0.159785
3759,2,0.150432
3760,2,0.153309
3761,2,0.143147
3762,2,0.140137
3763,2,0.155135
3764,2,0.153253
3765,2,0.147953
3766,2,0.141943
3767,2,0.142448
3768,2,0.153412
3769,2,0.160151
3770,2,0.159146
3771,2,0.154632
3772,2,0.155694
3773,2,0.161774
3774,2,0.157025
3775,2,0.161222
3776,2,0.154609
3777,2,0.151753
3778,1,0.147535
3779,1,0.15672
3780,2,0.161392
3781,2,0.175431
3782,2,0.173237
3783,2,0.167281
3784,2,0.160094
3785,2,0.180346
3786,2,0.176545
3787,1,0.154169
3788,2,0.155664
3789,1,0.159493
3790,1,0.159554
3791,1,0.157053
3792,1,0.153769
3793,1,0.146672
3794,1,0.150369
3795,1,0.154445
3796,1,0.160182
3797,1,0.169027
3798,1,0.155796
3799,1,0.163365
3800,1,0.150604
3801,1,0.163336
3802,1,0.143212
3803,1,0.153824
3804,1,0.165324
3805,1,0.155512
3806,1,0.162125
3807,1,0.158532
3808,1,0.150368
3809,1,0.160368
3810,1,0.156729
3811,1,0.164277
3812,1,0.153415
3813,1,0.175795
3814,1,0.155967
3815,1,0.157689
3816,1,0.158932
3817,1,0.173166
3818,1,0.17035
3819,1,0.154164
3820,1,0.149587
3821,1,0.172306
3822,1,0.150157
3823,1,0.143119
3824,1,0.153708
3825,1,0.149939
3826,1,0.152504
3827,1,0.150557
3828,1,0.152929
3829,1,0.148287
3830,1,0.145306
3831,1,0.15075
3832,1,0.14058
3833,1,0.149694
3834,1,0.15039
3835,1,0.151371
3836,1,0.161187
3837,1,0.151541
3838,1,0.151458
3839,1,0.155923
3840,1,0.147408
3841,1,0.1625
3842,1,0.151216
3843,1,0.149346
3844,1,0.170796
3845,1,0.174963
3846,1,0.164529
3847,1,0.160754
3848,1,0.156558
3849,1,0.153342
3850,1,0.153907
3851,1,0.152492
3852,1,0.150308
3853,0,0.152513
3854,0,0.151083
3855,1,0.145115
3856,1,0.150513
3857,1,0.147823
3858,1,0.149015
3859,1,0.151007
3860,1,0.158328
3861,1,0.154196
3862,1,0.160237
3863,1,0.151805
3864,1,0.190976
3865,1,0.16464
3866,1,0.159798
3867,0,0.151289
3868,0,0.14872
3869,0,0.148248
3870,0,0.164447
3871,0,0.174006
3872,0,0.152697
3873,0,0.15341
3874,0,0.175269
3875,0,0.174992
3876,0,0.158929
3877,0,0.158655
3878,0,0.153734
3879,0,0.149685
3880,0,0.147111
3881,0,0.150706
3882,0,0.152536
3883,0,0.150358
3884,0,0.148427
3885,0,0.146407
3886,0,0.147879
3887,0,0.149866
3888,0,0.152018
3889,0,0.152556
3890,0,0.150059
3891,0,0.150939
3892,0,0.151879
3893,0,0.144751
3894,0,0.151306
3895,0,0.151294
3896,0,0.149074
3897,0,0.150648
3898,0,0.152703
3899,0,0.149429
3900,0,0.149105
3901,0,0.159356
3902,0,0.14734
3903,0,0.148692
3904,0,0.156671
3905,0,0.158323
3906,0,0.165804
3907,0,0.163235
3908,0,0.169344
3909,0,0.151736
3910,0,0.206658
3911,0,0.152437
3912,0,0.154396
3913,0,0.16472
3914,0,0.163713
3915,0,0.161921
3916,0,0.159123
3917,0,0.4424
3918,0,0.148856
3919,0,0.156147
3920,0,0.152347
3921,0,0.151619
3922,0,0.15554
3923,0,0.161819
3924,0,0.156751
3925,0,0.150744
3926,0,0.161218
3927,0,0.154732
3928,0,0.15341
3929,0,0.153355
3930,0,0.150449
3931,0,0.161543
3932,0,0.153102
3933,0,0.151008
3934,0,0.15719
3935,0,0.160249
3936,0,0.159609
3937,0,0.157357
3938,0,0.153774
3939,0,0.149723
3940,0,0.154172
3941,0,0.153372
3942,0,0.15264
3943,0,0.149258
3944,0,0.149205
3945,0,0.152859
3946,0,0.152675
3947,0,0.132479
3948,0,0.146772
3949,0,0.152981
3950,0,0.151552
3951,0,0.147955
3952,0,0.150227
3953,0,0.14733
3954,0,0.153507
3955,0,0.151428
3956,0,0.150789
3957,0,0.146303
3958,0,0.14826
3959,0,0.153609
3960,0,0.147769
3961,0,0.16062
3962,0,0.15
3963,0,0.151477
3964,0,0.156542
3965,0,0.166578
3966,0,0.172899
3967,0,0.15962
3968,0,0.151602
3969,0,0.19734
3970,0,0.147762
3971,0,0.148159
3972,0,0.154118
3973,0,0.149798
3974,0,0.148224
3975,0,0.150019
3976,0,0.151874
3977,0,0.150862
3978,0,0.151
3979,0,0.148594
3980,0,0.162619
3981,0,0.154124
3982,0,0.160022
3983,0,0.148999
3984,0,0.141575
3985,0,0.148405
3986,0,0.139371
3987,0,0.150515
3988,0,0.143883
3989,0,0.150678
3990,0,0.147581
3991,0,0.291459
3992,0,0.143243
3993,0,0.153419
3994,0,0.147927
3995,0,0.150943
3996,0,0.152756
3997,0,0.160551
3998,0,0.142875
3999,0,0.134889
4000,0,0.119154
4001,0,0.107974
4002,0,0.131957
4003,0,0.13646
4004,0,0.132815
4005,0,0.127402
4006,0,0.132728
4007,0,0.134044
4008,0,0.136287
4009,0,0.132455
4010,0,0.149702
4011,0,0.152503
4012,0,0.1561
4013,0,0.153422
4014,0,0.147184
4015,0,0.147175
4016,0,0.152529
4017,0,0.158855
4018,0,0.165755
4019,0,0.154515
4020,0,0.150425
4021,0,0.161271
4022,0,0.155402
4023,0,0.155419
4024,0,0.159412
4025,0,0.159726
4026,0,0.161383
4027,0,0.153274
4028,0,0.158041
4029,0,0.147199
4030,0,0.153608
4031,0,0.149255
4032,0,0.150192
4033,0,0.154939
4034,0,0.155422
4035,0,0.153174
4036,0,0.154255
4037,0,0.152932
4038,0,0.149862
4039,0,0.153802
4040,0,0.155272
4041,0,0.152733
4042,0,0.149887
4043,0,0.150291
4044,0,0.152202
4045,0,0.134246
4046,0,0.237639
4047,0,0.156236
4048,0,0.153364
4049,0,0.148882
4050,0,0.148752
4051,0,0.157257
4052,0,0.142903
4053,0,0.172327
4054,0,0.194254
4055,0,0.178626
4056,0,0.18939
4057,0,0.252966
4058,0,0.163375
4059,0,0.180604
4060,0,0.16919
4061,0,0.169893
4062,0,0.175775
4063,0,0.177548
4064,0,0.173693
4065,0,0.150218
4066,0,0.177196
4067,0,0.162463
4068,0,0.157118
4069,0,0.168742
4070,0,0.155488
4071,0,0.16281
4072,0,0.157617
4073,0,0.147405
4074,0,0.176513
4075,0,0.170827
4076,0,0.152859
4077,0,0.180744
4078,0,0.144473
4079,0,0.150273
4080,0,0.143004
4081,0,0.162645
4082,0,0.14764
4083,0,0.150887
4084,0,0.160153
4085,0,0.161632
4086,0,0.167465
4087,0,0.165357
4088,0,0.156753
4089,0,0.184847
4090,0,0.157233
4091,0,0.146205
4092,0,0.158017
4093,0,0.158092
4094,0,0.096223
4095,0,0.059201
4096,0,0.0647
4097,0,0.057507
4098,0,0.059258
4099,0,0.05648
4100,0,0.057488
4101,0,0.057108
4102,0,0.060684
4103,0,0.0561
4104,0,0.056667
4105,0,0.058838
4106,0,0.0609
4107,0,0.058154
4108,0,0.058073
4109,0,0.057076
4110,0,0.061209
4111,0,0.063378
4112,0,0.058905
4113,0,0.07443
4114,0,0.056494
4115,0,0.057209
4116,0,0.054153
4117,0,0.055734
4118,0,0.055184
4119,0,0.054332
4120,0,0.053431
4121,0,0.054582
4122,0,0.054497
4123,0,0.054628
4124,0,0.052368
4125,0,0.054859
4126,0,0.055953
4127,0,0.05443
4128,0,0.053668
4129,0,0.052313
4130,0,0.052619
4131,0,0.054871
4132,0,0.054599
4133,0,0.056349
4134,0,0.058306
4135,0,0.055907
4136,0,0.053162
4137,0,0.053931
4138,0,0.053894
4139,0,0.054104
4140,0,0.053269
4141,0,0.056624
4142,0,0.054723
4143,0,0.052818
4144,0,0.059953
4145,0,0.15598
4146,0,0.178419
4147,0,0.132592
4148,0,0.155853
4149,0,0.217985
4150,0,0.146306
4151,0,0.130725
4152,0,0.138384
4153,0,0.148386
4154,0,0.128825
4155,0,0.152043
4156,0,0.146847
4157,0,0.144483
4158,0,0.210209
4159,0,0.155366
4160,0,0.134499
4161,0,0.133955
4162,0,0.147892
4163,0,0.151315
4164,0,0.150653
4165,0,0.14911
4166,0,0.150252
4167,0,0.14912
4168,0,0.150379
4169,0,0.148771
4170,0,0.153417
4171,0,0.162083
4172,0,0.152922
4173,0,0.152444
4174,0,0.15283
4175,0,0.164832
4176,0,0.155509
4177,0,0.155769
4178,0,0.15939
4179,0,0.152425
4180,0,0.1473
4181,0,0.146371
4182,0,0.146705
4183,0,0.234508
4184,0,0.152314
4185,0,0.147244
4186,0,0.151563
4187,0,0.155087
4188,0,0.16462
4189,0,0.162728
4190,0,0.156964
4191,0,0.153631
4192,0,0.157907
4193,0,0.159677
4194,0,0.15528
4195,0,0.153239
4196,0,0.146947
4197,0,0.154548
4198,0,0.154506
4199,0,0.149116
4200,0,0.152387
4201,0,0.160679
4202,0,0.170798
4203,0,0.17037
4204,0,0.161728
4205,0,0.181989
4206,0,0.174567
4207,0,0.192836
4208,0,0.162149
4209,0,0.166955
4210,0,0.170015
4211,0,0.174388
4212,0,0.149455
4213,0,0.166354
4214,0,0.154701
4215,0,0.174464
4216,0,0.161855
4217,0,0.174049
4218,0,0.151833
4219,0,0.155934
4220,0,0.194902
4221,0,0.181256
4222,0,0.173852
4223,0,0.158857
4224,0,0.148555
4225,0,0.152853
4226,0,0.153483
4227,0,0.202615
4228,0,0.212919
4229,0,0.062367
4230,0,0.066985
4231,0,0.071694
4232,0,0.129229
4233,0,0.062281
4234,0,0.062566
4235,0,0.112617
4236,0,0.154979
4237,0,0.148966
4238,0,0.162636
4239,0,0.152878
4240,0,0.148303
4241,0,0.145665
4242,0,0.153101
4243,0,0.152147
4244,0,0.15213
4245,0,0.154466
4246,0,0.153236
4247,0,0.147228
4248,0,0.153617
4249,0,0.15159
4250,0,0.146076
4251,0,0.151467
4252,0,0.157224
4253,0,0.15393
4254,0,0.154197
4255,0,0.186
4256,0,0.169546
4257,0,0.155703
4258,0,0.15389
4259,0,0.153437
4260,0,0.148424
4261,0,0.159924
4262,0,0.152127
4263,0,0.157029
4264,0,0.167349
4265,0,0.168438
4266,0,0.157413
4267,0,0.157412
4268,0,0.159632
4269,0,0.168656
4270,0,0.154913
4271,0,0.153054
4272,0,0.151568
4273,0,0.153992
4274,0,0.161786
4275,0,0.148495
4276,0,0.154121
4277,0,0.151383
4278,0,0.152417
4279,0,0.149109
4280,0,0.151121
4281,0,0.149387
4282,0,0.148452
4283,0,0.150814
4284,0,0.157295
4285,0,0.143453
4286,0,0.147695
4287,0,0.222237
4288,0,0.149903
4289,0,0.150217
4290,0,0.184341
4291,0,0.12834
4292,0,0.061719
4293,0,0.059091
4294,0,0.058006
4295,0,0.059334
4296,0,0.053681
4297,0,0.056397
4298,0,0.057242
4299,0,0.067282
4300,0,0.231598
4301,0,0.147259
4302,0,0.143517
4303,0,0.152307
4304,0,0.153707
4305,0,0.154017
4306,0,0.149282
4307,0,0.151009
4308,0,0.150583
4309,0,0.150565
4310,0,0.153387
4311,0,0.153437
4312,0,0.157753
4313,0,0.157576
4314,0,0.152403
4315,0,0.150694
4316,0,0.15356
4317,0,0.153611
4318,0,0.14635
4319,0,0.154691
4320,0,0.144403
4321,0,0.154339
4322,0,0.150083
4323,0,0.151823
4324,0,0.153726
4325,0,0.150161
4326,0,0.149438
4327,0,0.157762
4328,0,0.151105
4329,0,0.15511
4330,0,0.153199
4331,0,0.156671
4332,0,0.154361
4333,0,0.149431
4334,0,0.151097
4335,0,0.144752
4336,0,0.149883
4337,0,0.151332
4338,0,0.15295
4339,0,0.148836
4340,0,0.1467
4341,0,0.149089
4342,0,0.151959
4343,0,0.168704
4344,0,0.069176
4345,0,0.062788
4346,0,0.056842
4347,0,0.054291
4348,0,0.054222
4349,0,0.053522
4350,0,0.062259
4351,0,0.068399
4352,0,0.065543
4353,0,0.059213
4354,0,0.058558
4355,0,0.053867
4356,0,0.053975
4357,0,0.054507
4358,0,0.058414
4359,0,0.059995
4360,0,0.05782
4361,0,0.109578
4362,0,0.178551
4363,0,0.161531
4364,0,0.159676
4365,0,0.161689
4366,0,0.161736
4367,0,0.181055
4368,0,0.152684
4369,0,0.15417
4370,0,0.152783
4371,0,0.155262
4372,0,0.147625
4373,0,0.162826
4374,0,0.151348
4375,0,0.154037
4376,0,0.151924
4377,0,0.152675
4378,0,0.156507
4379,0,0.155246
4380,0,0.151405
4381,0,0.164253
4382,0,0.157042
4383,0,0.152506
4384,0,0.155603
4385,0,0.161322
4386,0,0.160404
4387,0,0.167559
4388,0,0.159589
4389,0,0.149451
4390,0,0.149924
4391,0,0.150174
4392,0,0.143793
4393,0,0.152785
4394,0,0.158062
4395,0,0.154657
4396,0,0.155468
4397,0,0.149979
4398,0,0.14748
4399,0,0.149605
4400,0,0.153023
4401,0,0.158478
4402,0,0.166901
4403,0,0.152004
4404,0,0.148839
4405,0,0.153315
4406,0,0.155219
4407,0,0.151361
4408,0,0.148633
4409,0,0.151955
4410,0,0.157854
4411,0,0.174128
4412,0,0.151867
4413,0,0.152011
4414,0,0.160065
4415,0,0.155113
4416,0,0.163264
4417,0,0.170274
4418,0,0.164514
4419,0,0.149546
4420,0,0.149585
4421,0,0.138148
4422,0,0.134684
4423,0,0.170695
4424,0,0.171865
4425,0,0.202537
4426,0,0.177471
4427,0,0.192293
4428,0,0.203199
4429,0,0.203392
4430,0,0.209208
4431,0,0.18119
4432,0,0.16961
4433,0,0.172457
4434,0,0.172222
4435,0,0.17406
4436,0,0.172051
4437,0,0.172943
4438,0,0.172193
4439,0,0.168168
4440,0,0.169445
4441,0,0.185047
4442,0,0.184191
4443,0,0.171584
4444,0,0.182441
4445,0,0.204214
4446,0,0.185132
4447,0,0.179292
4448,0,0.177688
4449,0,0.176145
4450,0,0.16433
4451,0,0.168883
4452,0,0.16935
4453,0,0.179111
4454,0,0.193594
4455,0,0.192903
4456,0,0.190439
4457,0,0.184778
4458,0,0.193833
4459,0,0.189428
4460,0,0.166614
4461,0,0.16812
4462,0,0.197355
4463,0,0.195827
4464,0,0.189061
4465,0,0.18431
4466,0,0.181239
4467,0,0.194528
4468,0,0.1926
4469,0,0.186812
4470,0,0.188912
4471,0,0.197317
4472,0,0.192691
4473,0,0.224372
4474,0,0.207835
4475,0,0.173935
4476,0,0.204608
4477,0,0.163818
4478,0,0.191682
4479,0,0.186905
4480,0,0.178002
4481,0,0.202266
4482,0,0.171415
4483,0,0.267688
4484,0,0.180477
4485,0,0.167382
4486,0,0.166142
4487,0,0.171924
4488,0,0.169942
4489,0,0.170528
4490,0,0.170205
4491,0,0.169211
4492,0,0.169399
4493,0,0.166428
4494,0,0.167931
4495,0,0.168965
4496,0,0.166563
4497,0,0.167627
4498,0,0.1674
4499,0,0.160892
4500,0,0.169513
4501,0,0.332373
4502,0,0.170841
4503,0,0.177994
4504,0,0.181539
4505,0,0.171277
4506,0,0.180245
4507,0,0.166302
4508,0,0.163502
4509,0,0.17098
4510,0,0.17255
4511,0,0.174441
4512,0,0.167114
4513,0,0.171788
4514,0,0.171917
4515,0,0.165261
4516,0,0.19972
4517,0,0.1643
4518,0,0.165583
4519,0,0.162113
4520,0,0.164132
4521,0,0.168296
4522,0,0.168438
4523,0,0.170864
4524,0,0.163424
4525,0,0.167282
4526,0,0.165095
4527,0,0.16921
4528,0,0.161468
4529,0,0.169714
4530,0,0.168305
4531,0,0.176879
4532,0,0.161177
4533,0,0.162337
4534,0,0.227834
4535,0,0.180745
4536,0,0.171818
4537,0,0.174014
4538,0,0.169901
4539,0,0.163849
4540,0,0.160677
4541,0,0.172616
4542,0,0.162748
4543,0,0.168849
4544,0,0.166091
4545,0,0.167047
4546,0,0.164986
4547,0,0.172247
4548,0,0.167208
4549,0,0.170935
4550,0,0.170062
4551,0,0.149439
4552,0,0.165862
4553,0,0.165724
4554,0,0.172231
4555,0,0.167105
4556,0,0.162234
4557,0,0.168418
4558,0,0.15648
4559,0,0.232562
4560,0,0.172344
4561,0,0.172261
4562,0,0.174837
4563,0,0.214293
4564,0,0.153222
4565,0,0.171698
4566,0,0.179953
4567,0,0.185311
4568,0,0.17686
4569,0,0.185751
4570,0,0.259249
4571,0,0.165265
4572,0,0.1933
4573,0,0.163096
4574,0,0.162803
4575,0,0.18657
4576,0,0.176265
4577,0,0.174925
4578,0,0.174034
4579,0,0.187061
4580,0,0.170578
4581,0,0.163988
4582,0,0.175693
4583,0,0.202811
4584,0,0.157704
4585,0,0.167039
4586,0,0.169423
4587,0,0.153253
4588,0,0.168204
4589,0,0.162716
4590,0,0.165453
4591,0,0.181769
4592,0,0.16367
4593,0,0.146824
4594,0,0.198353
4595,0,0.189884
4596,0,0.185879
4597,0,0.173129
4598,0,0.172989
4599,0,0.172339
4600,0,0.170549
4601,0,0.169843
4602,0,0.171707
4603,0,0.228875
4604,0,0.173078
4605,0,0.167195
4606,0,0.173173
4607,0,0.166205
4608,0,0.169203
4609,0,0.170964
4610,0,0.179329
4611,0,0.18434
4612,0,0.173279
4613,0,0.211301
4614,0,0.162327
4615,0,0.17383
4616,0,0.167909
4617,0,0.173422
4618,0,0.173701
4619,1,0.170632
4620,1,0.169885
4621,1,0.182819
4622,1,0.178071
4623,1,0.196209
4624,2,0.251218
4625,1,0.210008
4626,1,0.183531
4627,1,0.16989
4628,1,0.167847
4629,1,0.176166
4630,1,0.172731
4631,1,0.168678
4632,1,0.179653
4633,1,0.181248
4634,1,0.160289
4635,1,0.164464
4636,1,0.170262
4637,1,0.168286
4638,1,0.17193
4639,1,0.167291
4640,1,0.174123
4641,1,0.167639
4642,1,0.168949
4643,1,0.16763
4644,1,0.17434
4645,1,0.172085
4646,1,0.183231
4647,1,0.17015
4648,1,0.177087
4649,1,0.169501
4650,1,0.168575
4651,1,0.179985
4652,1,0.16874
4653,2,0.175872
4654,1,0.178958
4655,1,0.187146
4656,1,0.175645
4657,1,0.223873
4658,1,0.169312
4659,1,0.171719
4660,1,0.177672
4661,1,0.175865
4662,1,0.16892
4663,1,0.167536
4664,1,0.176192
4665,1,0.181332
4666,1,0.170775
4667,1,0.165027
4668,1,0.171683
4669,1,0.171809
4670,1,0.173012
4671,1,0.166152
4672,1,0.168299
4673,1,0.168956
4674,1,0.164256
4675,1,0.17095
4676,1,0.172633
4677,1,0.168294
4678,1,0.166812
4679,1,0.171652
4680,1,0.172524
4681,1,0.182306
4682,1,0.167005
4683,1,0.165864
4684,1,0.175975
4685,1,0.173434
4686,1,0.173158
4687,1,0.182356
4688,1,0.164931
4689,1,0.162063
4690,1,0.162537
4691,1,0.165755
4692,1,0.165339
4693,1,0.150806
4694,1,0.170828
4695,1,0.172258
4696,1,0.170675
4697,1,0.165264
4698,1,0.169813
4699,1,0.166303
4700,1,0.167253
4701,1,0.173308
4702,1,0.168814
4703,1,0.172214
4704,1,0.170934
4705,1,0.169778
4706,1,0.172541
4707,1,0.169778
4708,1,0.179914
4709,1,0.170853
4710,1,0.170236
4711,1,0.183068
4712,1,0.172585
4713,1,0.175858
4714,1,0.176042
4715,1,0.180161
4716,1,0.174492
4717,1,0.175925
4718,1,0.175524
4719,1,0.176074
4720,1,0.167653
4721,1,0.175241
4722,1,0.17698
4723,1,0.164081
4724,1,0.173782
4725,1,0.168619
4726,1,0.163277
4727,1,0.169337
4728,1,0.171168
4729,1,0.171106
4730,1,0.168335
4731,1,0.169407
4732,1,0.167076
4733,1,0.167994
4734,1,0.165109
4735,1,0.16863
4736,1,0.171756
4737,1,0.167868
4738,1,0.163152
4739,1,0.240982
4740,1,0.166827
4741,1,0.182482
4742,1,0.171021
4743,1,0.176403
4744,1,0.178497
4745,1,0.172774
4746,1,0.176078
4747,1,0.172643
4748,1,0.166063
4749,1,0.168723
4750,1,0.168153
4751,1,0.166131
4752,1,0.162157
4753,1,0.160488
4754,1,0.172852
4755,1,0.172812
4756,1,0.168616
4757,1,0.172119
4758,1,0.173654
4759,1,0.168246
4760,1,0.167639
4761,1,0.169312
4762,1,0.166283
4763,1,0.171247
4764,1,0.154723
4765,1,0.166377
4766,1,0.171199
4767,1,0.160917
4768,1,0.16271
4769,1,0.164864
4770,1,0.225068
4771,1,0.20441
4772,1,0.176915
4773,1,0.186879
4774,1,0.181685
4775,1,0.187871
4776,1,0.192737
4777,1,0.184817
4778,1,0.17202
4779,1,0.213015
4780,1,0.214755
4781,1,0.199242
4782,1,0.197692
4783,1,0.152437
4784,1,0.164194
4785,1,0.154416
4786,1,0.161611
4787,1,0.228909
4788,1,0.164707
4789,1,0.164448
4790,1,0.170471
4791,1,0.191495
4792,1,0.192092
4793,1,0.173381
4794,1,0.192859
4795,1,0.169856
4796,1,0.202873
4797,1,0.16453
4798,1,0.213019
4799,1,0.204236
4800,1,0.249738
4801,1,0.186878
4802,1,0.201028
4803,1,0.178384
4804,1,0.219285
4805,1,0.180527
4806,1,0.19313
4807,1,0.1913
4808,1,0.189031
4809,1,0.19575
4810,1,0.209524
4811,1,0.224339
4812,1,0.173832
4813,1,0.208079
4814,1,0.171864
4815,1,0.173597
4816,1,0.173156
4817,1,0.172642
4818,1,0.171784
4819,1,0.172066
4820,1,0.179363
4821,1,0.175392
4822,1,0.170728
4823,1,0.17578
4824,1,0.171919
4825,1,0.173099
4826,1,0.175063
4827,1,0.177746
4828,1,0.179907
4829,1,0.171222
4830,1,0.170126
4831,1,0.206851
4832,1,0.169371
4833,1,0.184349
4834,1,0.179406
4835,1,0.183439
4836,1,0.196286
4837,1,0.17567
4838,1,0.169064
4839,1,0.173773
4840,1,0.169351
4841,1,0.163051
4842,1,0.173463
4843,1,0.178701
4844,1,0.170751
4845,1,0.172765
4846,1,0.173961
4847,1,0.168225
4848,1,0.175369
4849,1,0.172646
4850,1,0.170884
4851,1,0.174456
4852,1,0.183555
4853,1,0.17297
4854,1,0.171868
4855,1,0.182898
4856,1,0.180617
4857,1,0.170755
4858,1,0.171793
4859,1,0.165335
4860,1,0.173806
4861,1,0.182209
4862,1,0.171619
4863,1,0.230875
4864,1,0.215701
4865,1,0.188857
4866,1,0.180265
4867,1,0.184382
4868,1,0.171682
4869,1,0.163945
4870,1,0.172756
4871,0,0.174258
4872,0,0.175968
4873,0,0.169846
4874,0,0.173249
4875,0,0.171027
4876,0,0.174937
4877,0,0.192309
4878,0,0.183178
4879,0,0.171315
4880,0,0.166735
4881,0,0.166685
4882,0,0.169175
4883,0,0.167351
4884,0,0.168097
4885,0,0.169931
4886,0,0.189784
4887,0,0.166401
4888,0,0.172863
4889,0,0.186012
4890,0,0.211608
4891,0,0.219669
4892,0,0.198378
4893,0,0.208501
4894,0,0.217407
4895,0,0.195751
4896,0,0.1904
4897,0,0.180603
4898,0,0.173807
4899,0,0.189906
4900,0,0.169449
4901,0,0.162054
4902,0,0.193014
4903,0,0.18948
4904,0,0.177332
4905,0,0.206807
4906,0,0.177473
4907,0,0.205921
4908,0,0.176087
4909,0,0.215386
4910,0,0.197007
4911,0,0.169911
4912,0,0.203594
4913,0,0.17091
4914,0,0.168183
4915,0,0.170904
4916,0,0.172434
4917,0,0.181438
4918,0,0.193481
4919,0,0.143768
4920,0,0.238128
4921,0,0.188439
4922,0,0.165356
4923,0,0.176059
4924,0,0.186745
4925,0,0.208319
4926,0,0.189198
4927,0,0.18578
4928,0,0.169248
4929,0,0.147915
4930,0,0.176372
4931,0,0.166543
4932,0,0.172796
4933,0,0.188507
4934,0,0.166675
4935,0,0.177803
4936,0,0.166021
4937,0,0.18087
4938,0,0.192475
4939,0,0.173326
4940,0,0.165482
4941,0,0.170003
4942,0,0.175429
4943,0,0.176295
4944,0,0.171804
4945,0,0.167694
4946,0,0.158916
4947,0,0.179637
4948,0,0.172289
4949,0,0.171575
4950,0,0.172815
4951,0,0.181973
4952,0,0.16795
4953,0,0.185229
4954,0,0.188692
4955,0,0.184344
4956,0,0.183164
4957,0,0.175447
4958,0,0.177351
4959,0,0.169564
4960,0,0.17111
4961,0,0.169708
4962,0,0.17471
4963,0,0.19595
4964,0,0.165116
4965,0,0.172737
4966,0,0.172277
4967,0,0.19798
4968,0,0.172137
4969,0,0.176103
4970,0,0.172648
4971,0,0.170768
4972,0,0.176907
4973,0,0.170098
4974,0,0.166984
4975,0,0.170301
4976,0,0.171237
4977,0,0.169897
4978,0,0.195166
4979,0,0.197912
4980,0,0.179282
4981,0,0.334396
4982,0,0.174009
4983,0,0.186742
4984,0,0.194317
4985,0,0.188568
4986,0,0.186768
4987,0,0.167295
4988,0,0.17681
4989,0,0.181424
4990,0,0.173151
4991,0,0.182093
4992,0,0.167922
4993,0,0.180881
4994,0,0.167224
4995,0,0.174793
4996,0,0.171486
4997,0,0.170455
4998,0,0.165577
4999,0,0.185505
5000,0,0.176728
5001,0,0.176835
5002,0,0.189073
5003,0,0.184237
5004,0,0.17884
5005,0,0.172931
5006,0,0.175886
5007,0,0.148551
5008,0,0.173005
5009,0,0.170013
5010,0,0.169248
5011,0,0.18345
5012,0,0.176468
5013,0,0.174254
5014,0,0.18752
5015,0,0.193262
5016,0,0.189442
5017,0,0.178414
5018,0,0.177432
5019,0,0.190321
5020,0,0.182615
5021,0,0.17337
5022,0,0.17513
5023,0,0.167873
5024,0,0.166832
5025,0,0.172536
5026,0,0.17518
5027,0,0.179406
5028,0,0.17187
5029,0,0.172672
5030,0,0.173438
5031,0,0.179174
5032,0,0.174583
5033,0,0.176686
5034,0,0.168472
5035,0,0.168625
5036,0,0.169964
5037,0,0.171998
5038,0,0.170207
5039,0,0.179547
5040,0,0.181044
5041,0,0.194883
5042,0,0.18831
5043,0,0.193319
5044,0,0.196881
5045,0,0.205574
5046,0,0.210996
5047,0,0.194055
5048,0,0.152977
5049,0,0.198358
5050,0,0.170811
5051,0,0.169
5052,0,0.158811
5053,0,0.153696
5054,0,0.161278
5055,0,0.148357
5056,0,0.150644
5057,0,0.143248
5058,0,0.173994
5059,0,0.158791
5060,0,0.189842
5061,0,0.15088
5062,0,0.160494
5063,0,0.159708
5064,0,0.167128
5065,0,0.1666
5066,0,0.165425
5067,0,0.170689
5068,0,0.173683
5069,0,0.173423
5070,0,0.168597
5071,0,0.185497
5072,0,0.171497
5073,0,0.17481
5074,0,0.182124
5075,0,0.185068
5076,0,0.17731
5077,0,0.181061
5078,0,0.169499
5079,0,0.17131
5080,0,0.175621
5081,0,0.176218
5082,0,0.172726
5083,0,0.170229
5084,0,0.174726
5085,0,0.169592
5086,0,0.172695
5087,0,0.171402
5088,0,0.16832
5089,0,0.159151
5090,0,0.162439
5091,0,0.171516
5092,0,0.176748
5093,0,0.166037
5094,0,0.172209
5095,0,0.167992
5096,0,0.170998
5097,0,0.176407
5098,0,0.172059
5099,0,0.169233
5100,0,0.170398
5101,0,0.185071
5102,0,0.187647
5103,0,0.180283
5104,0,0.178102
5105,0,0.192924
5106,0,0.183496
5107,0,0.173735
5108,0,0.172766
5109,0,0.168129
5110,0,0.171404
5111,0,0.167669
5112,0,0.175205
5113,0,0.175825
5114,0,0.178349
5115,0,0.193937
5116,0,0.188213
5117,0,0.17953
5118,0,0.187604
5119,0,0.18113
5120,0,0.184796
5121,0,0.177965
5122,0,0.167548
5123,0,0.192088
5124,0,0.167868
5125,0,0.17516
5126,0,0.189861
5127,0,0.193546
5128,0,0.221111
5129,0,0.189626
5130,0,0.179385
5131,0,0.218581
5132,0,0.204447
5133,0,0.227821
5134,0,0.220586
5135,0,0.22908
5136,0,0.197242
5137,0,0.176842
5138,0,0.169112
5139,0,0.168646
5140,0,0.17324
5141,0,0.164986
5142,0,0.167887
5143,0,0.169901
5144,0,0.172309
5145,0,0.17696
5146,0,0.169618
5147,0,0.167876
5148,0,0.170231
5149,0,0.165759
5150,0,0.109891
5151,0,0.062965
5152,0,0.064137
5153,0,0.069686
5154,0,0.059297
5155,0,0.078649
5156,0,0.064339
5157,0,0.058323
5158,0,0.061189
5159,0,0.059431
5160,0,0.071434
5161,0,0.108953
5162,0,0.073451
5163,0,0.063074
5164,0,0.066144
5165,0,0.055537
5166,0,0.052814
5167,0,0.058835
5168,0,0.058317
5169,0,0.055567
5170,0,0.051998
5171,0,0.052988
5172,0,0.052305
5173,0,0.050264
5174,0,0.049707
5175,0,0.05033
5176,0,0.050292
5177,0,0.050207
5178,0,0.051037
5179,0,0.052013
5180,0,0.051928
5181,0,0.050004
5182,0,0.050032
5183,0,0.047222
5184,0,0.046546
5185,0,0.045848
5186,0,0.050368
5187,0,0.051425
5188,0,0.049208
5189,0,0.050351
5190,0,0.056507
5191,0,0.063533
5192,0,0.057578
5193,0,0.056699
5194,0,0.056751
5195,0,0.055922
5196,0,0.056314
5197,0,0.055167
5198,0,0.05403
5199,0,0.050873
5200,0,0.052814
5201,0,0.052429
5202,0,0.0536
5203,0,0.055413
5204,0,0.089311
5205,0,0.077539
5206,0,0.093195
5207,0,0.240621
5208,0,0.195649
5209,0,0.194916
5210,0,0.194873
5211,0,0.197991
5212,0,0.188299
5213,0,0.243383
5214,0,0.19707
5215,0,0.184752
5216,0,0.199249
5217,0,0.185217
5218,0,0.202338
5219,0,0.19775
5220,0,0.200886
5221,0,0.176292
5222,0,0.155256
5223,0,0.152882
5224,0,0.155401
5225,0,0.170552
5226,0,0.158211
5227,0,0.168866
5228,0,0.169178
5229,0,0.173466
5230,0,0.165398
5231,0,0.190931
5232,0,0.166196
5233,0,0.188154
5234,0,0.156114
5235,0,0.166773
5236,0,0.182384
5237,0,0.158857
5238,0,0.301952
5239,0,0.162868
5240,0,0.161959
5241,0,0.164991
5242,0,0.185908
5243,0,0.18008
5244,0,0.189284
5245,0,0.187432
5246,0,0.26317
5247,0,0.181277
5248,0,0.202624
5249,0,0.188098
5250,0,0.171133
5251,0,0.188774
5252,0,0.165887
5253,0,0.203581
5254,0,0.176038
5255,0,0.201854
5256,0,0.178113
5257,0,0.170897
5258,0,0.174712
5259,0,0.157633
5260,0,0.157563
5261,0,0.160639
5262,0,0.14479
5263,0,0.155235
5264,0,0.148491
5265,0,0.150668
5266,0,0.194299
5267,0,0.145444
5268,0,0.129506
5269,0,0.150785
5270,0,0.159818
5271,0,0.196464
5272,0,0.240077
5273,0,0.161517
5274,0,0.160001
5275,0,0.172093
5276,0,0.184912
5277,0,0.151135
5278,0,0.117636
5279,0,0.147281
5280,0,0.162197
5281,0,0.171209
5282,0,0.228887
5283,0,0.146477
5284,0,0.15482
5285,0,0.198135
5286,0,0.176243
5287,0,0.16349
5288,0,0.168403
5289,0,0.16371
5290,0,0.170642
5291,0,0.159468
5292,0,0.164373
5293,0,0.184099
5294,0,0.18469
5295,0,0.183539
5296,0,0.191566
5297,0,0.185432
5298,0,0.160831
5299,0,0.161014
5300,0,0.180334
5301,0,0.205464
5302,0,0.173764
5303,0,0.182198
5304,0,0.170583
5305,0,0.181663
5306,0,0.170882
5307,0,0.172376
5308,0,0.165368
5309,0,0.164419
5310,0,0.159991
5311,0,0.184517
5312,0,0.170415
5313,0,0.179277
5314,0,0.178754
5315,0,0.184897
5316,0,0.175349
5317,0,0.180633
5318,0,0.170644
5319,0,0.170777
5320,0,0.172521
5321,0,0.171227
5322,0,0.172523
5323,0,0.160535
5324,0,0.15876
5325,0,0.181059
5326,0,0.180652
5327,0,0.17286
5328,0,0.174394
5329,0,0.167977
5330,0,0.166687
5331,0,0.171308
5332,0,0.176427
5333,0,0.173953
5334,0,0.170991
5335,0,0.166638
5336,0,0.169271
5337,0,0.161215
5338,0,0.176081
5339,0,0.16496
5340,0,0.168719
5341,0,0.183363
5342,0,0.173473
5343,0,0.183941
5344,0,0.183065
5345,0,0.185793
5346,0,0.178104
5347,0,0.176052
5348,0,0.17479
5349,0,0.180933
5350,0,0.18497
5351,0,0.170674
5352,0,0.167687
5353,0,0.17968
5354,0,0.167103
5355,0,0.171607
5356,0,0.172497
5357,0,0.169754
5358,0,0.171132
5359,0,0.16712
5360,0,0.175799
5361,0,0.167926
5362,0,0.170931
5363,0,0.168507
5364,0,0.16885
5365,0,0.170758
5366,0,0.172786
5367,0,0.173739
5368,0,0.173409
5369,0,0.163675
5370,0,0.169759
5371,0,0.177634
5372,0,0.16416
5373,0,0.169994
5374,0,0.170968
5375,0,0.179012
5376,0,0.184809
5377,0,0.18888
5378,0,0.197364
5379,0,0.171477
5380,0,0.183726
5381,0,0.188196
5382,0,0.192005
5383,0,0.176834
5384,0,0.172169
5385,0,0.208703
5386,0,0.073185
5387,0,0.06197
5388,0,0.06524
5389,0,0.058974
5390,0,0.059718
5391,0,0.057946
5392,0,0.0669
5393,0,0.064099
5394,0,0.09267
5395,0,0.313429
5396,0,0.169254
5397,0,0.16647
5398,0,0.173278
5399,0,0.170348
5400,0,0.168005
5401,0,0.194792
5402,0,0.17549
5403,0,0.195025
5404,0,0.182574
5405,0,0.179995
5406,0,0.175545
5407,0,0.212229
5408,0,0.183377
5409,0,0.172883
5410,0,0.174557
5411,0,0.175949
5412,0,0.183651
5413,0,0.173873
5414,0,0.167706
5415,0,0.172422
5416,0,0.172799
5417,0,0.174166
5418,0,0.169776
5419,0,0.18187
5420,0,0.156316
5421,0,0.067559
5422,0,0.064133
5423,0,0.064035
5424,0,0.066102
5425,0,0.070179
5426,0,0.084735
5427,0,0.062063
5428,0,0.068075
5429,0,0.206218
5430,0,0.186609
5431,0,0.192696
5432,0,0.169699
5433,0,0.172652
5434,0,0.177583
5435,0,0.175591
5436,0,0.172066
5437,0,0.189415
5438,0,0.18387
5439,0,0.177671
5440,0,0.18293
5441,0,0.170337
5442,0,0.170856
5443,0,0.170835
5444,0,0.1756
5445,0,0.17513
5446,0,0.16502
5447,0,0.166712
5448,0,0.159411
5449,0,0.162684
5450,0,0.169326
5451,0,0.169292
5452,0,0.169564
5453,0,0.165073
5454,0,0.163685
5455,0,0.1689
5456,0,0.17594
5457,0,0.190703
5458,0,0.170744
5459,0,0.163683
5460,0,0.170248
5461,0,0.198044
5462,0,0.17218
5463,0,0.179009
5464,0,0.182773
5465,0,0.183738
5466,0,0.177219
5467,0,0.178346
5468,0,0.194365
5469,0,0.171144
5470,0,0.168223
5471,0,0.177947
5472,0,0.17107
5473,0,0.176434
5474,0,0.176352
5475,0,0.174789
5476,0,0.172988
5477,0,0.175008
5478,0,0.169451
5479,0,0.173226
5480,0,0.171418
5481,0,0.178396
5482,0,0.183564
5483,0,0.180827
5484,0,0.189653
5485,0,0.176374
5486,0,0.177009
5487,0,0.205287
5488,0,0.206132
5489,0,0.169619
5490,0,0.190407
5491,0,0.231342
5492,0,0.215893
5493,0,0.196589
5494,0,0.20413
5495,0,0.213352
5496,0,0.212037
5497,0,0.189974
5498,0,0.202035
5499,0,0.192655
5500,0,0.214303
5501,0,0.203469
5502,0,0.214909
5503,0,0.191211
5504,0,0.180225
5505,0,0.187795
5506,0,0.165466
5507,0,0.179165
5508,0,0.17874
5509,0,0.165419
5510,0,0.170606
5511,0,0.170261
5512,0,0.170542
5513,0,0.173717
5514,0,0.183443
5515,0,0.17517
5516,0,0.232304
5517,0,0.068066
5518,0,0.059529
5519,0,0.05976
5520,0,0.057987
5521,0,0.069625
5522,0,0.065572
5523,0,0.059728
5524,0,0.05959
5525,0,0.060888
5526,0,0.072118
5527,0,0.063549
5528,0,0.061052
5529,0,0.058704
5530,0,0.058648
5531,0,0.059546
5532,0,0.059765
5533,0,0.06031
5534,0,0.059648
5535,0,0.064306
5536,0,0.064792
5537,0,0.061704
5538,0,0.06003
5539,0,0.061531
5540,0,0.059477
5541,0,0.060357
5542,0,0.059729
5543,0,0.059099
5544,0,0.061697
5545,0,0.059234
5546,0,0.059242
5547,0,0.058182
5548,0,0.055981
5549,0,0.061569
5550,0,0.060652
5551,0,0.065714
5552,0,0.061048
5553,0,0.056827
5554,0,0.058352
5555,0,0.058285
5556,0,0.05853
5557,0,0.05909
5558,0,0.058448
5559,0,0.059861
5560,0,0.05749
5561,0,0.057554
5562,0,0.059589
5563,0,0.061123
5564,0,0.063041
5565,0,0.059057
5566,0,0.059984
5567,0,0.057485
5568,0,0.060153
5569,0,0.058497
5570,0,0.057085
5571,0,0.057148
5572,0,0.059742
5573,0,0.058816
5574,0,0.065584
5575,0,0.061179
5576,0,0.059084
5577,0,0.066606
5578,0,0.058056
5579,0,0.062416
5580,0,0.06012
5581,0,0.064385
5582,0,0.058615
5583,0,0.058185
5584,0,0.058795
5585,0,0.057409
5586,0,0.060358
5587,0,0.058195
5588,0,0.057731
5589,0,0.198309
5590,0,0.199202
5591,0,0.175585
5592,0,0.170042
5593,0,0.172263
5594,0,0.171482
5595,0,0.167088
5596,0,0.177637
5597,0,0.166814
5598,0,0.169463
5599,0,0.168008
5600,0,0.172677
5601,0,0.172194
5602,0,0.168213
5603,0,0.172518
5604,0,0.157608
5605,0,0.174143
5606,0,0.171466
5607,0,0.167519
5608,0,0.172876
5609,0,0.174122
5610,0,0.16653
5611,0,0.186944
5612,0,0.163611
5613,0,0.244391
5614,0,0.192037
5615,0,0.177603
5616,0,0.178634
5617,0,0.169048
5618,0,0.191271
5619,0,0.185907
5620,0,0.139523
5621,0,0.065571
5622,0,0.061731
5623,0,0.061669
5624,0,0.05963
5625,0,0.057521
5626,0,0.061319
5627,0,0.059683
5628,0,0.060477
5629,0,0.060378
5630,0,0.08052
5631,0,0.182193
5632,0,0.184799
5633,0,0.182082
5634,0,0.171055
5635,0,0.171921
5636,0,0.173201
5637,0,0.169476
5638,0,0.178279
5639,0,0.1954
5640,0,0.176918
5641,0,0.204002
5642,0,0.174985
5643,0,0.199216
5644,0,0.201565
5645,0,0.190802
5646,0,0.187628
5647,0,0.174632
5648,0,0.191834
5649,0,0.1777
5650,0,0.177147
5651,0,0.186704
5652,0,0.176858
5653,0,0.166676
5654,0,0.179084
5655,0,0.062965
5656,0,0.066082
5657,0,0.135508
5658,0,0.168183
5659,0,0.180007
5660,0,0.175828
5661,0,0.173625
5662,0,0.189131
5663,0,0.205754
5664,0,0.195579
5665,0,0.193733
5666,0,0.197511
5667,0,0.188349
5668,0,0.192651
5669,0,0.166774
5670,0,0.16862
5671,0,0.181928
5672,0,0.164691
5673,0,0.168519
5674,0,0.160339
5675,0,0.174918
5676,0,0.176852
5677,0,0.167977
5678,0,0.167165
5679,0,0.157764
5680,0,0.170795
5681,0,0.169389
5682,0,0.163563
5683,0,0.151921
5684,0,0.165016
5685,0,0.166038
5686,0,0.16616
5687,0,0.163741
5688,0,0.168644
5689,0,0.169073
5690,0,0.166942
5691,0,0.169429
5692,0,0.168457
5693,0,0.164483
5694,0,0.16757
5695,0,0.172555
5696,0,0.168012
5697,0,0.164622
5698,0,0.160214
5699,0,0.16898
5700,0,0.168137
5701,0,0.326145
5702,0,0.168554
5703,0,0.17866
5704,0,0.171261
5705,0,0.181604
5706,0,0.175624
5707,0,0.180792
5708,0,0.193278
5709,0,0.184625
5710,0,0.19011
5711,0,0.175544
5712,0,0.185218
5713,0,0.183016
5714,0,0.167096
5715,0,0.167359
5716,0,0.160877
5717,0,0.164044
5718,0,0.167989
5719,0,0.169481
5720,0,0.146824
5721,0,0.17073
5722,0,0.169272
5723,0,0.163006
5724,0,0.168814
5725,0,0.167343
5726,0,0.161281
5727,0,0.168938
5728,0,0.153574
5729,0,0.167255
5730,0,0.171238
5731,0,0.180989
5732,0,0.169637
5733,0,0.171834
5734,0,0.177652
5735,0,0.176823
5736,0,0.184069
5737,0,0.18062
5738,0,0.165695
5739,0,0.168954
5740,0,0.166443
5741,0,0.161679
5742,0,0.171478
5743,0,0.166458
5744,0,0.166028
5745,0,0.166465
5746,0,0.186779
5747,0,0.169163
5748,0,0.177178
5749,0,0.166857
5750,0,0.169327
5751,0,0.173177
5752,0,0.165893
5753,0,0.169951
5754,0,0.16314
5755,0,0.171087
5756,0,0.171414
5757,0,0.165765
5758,0,0.169943
5759,0,0.172163
5760,0,0.165185
5761,0,0.185027
5762,0,0.168645
5763,0,0.176231
5764,0,0.170671
5765,0,0.168393
5766,0,0.180001
5767,0,0.182194
5768,0,0.171349
5769,0,0.170471
5770,0,0.167645
5771,0,0.168339
5772,0,0.158223
5773,0,0.171917
5774,0,0.170318
5775,0,0.166937
5776,0,0.165514
5777,0,0.172818
5778,0,0.170411
5779,0,0.166179
5780,0,0.171418
5781,0,0.166338
5782,0,0.173474
5783,0,0.169498
5784,0,0.173753
5785,0,0.170548
5786,0,0.171372
5787,0,0.166093
5788,0,0.169922
5789,0,0.168154
5790,0,0.174869
5791,0,0.180289
5792,0,0.168896
5793,0,0.182821
5794,0,0.19009
5795,0,0.191847
5796,0,0.189146
5797,0,0.188235
5798,0,0.193861
5799,0,0.182945
5800,0,0.166882
5801,0,0.164065
5802,0,0.166512
5803,0,0.16653
5804,0,0.166493
5805,0,0.171927
5806,0,0.162754
5807,0,0.169459
5808,0,0.168
5809,0,0.169257
5810,0,0.170088
5811,0,0.162183
5812,0,0.164855
5813,0,0.165928
5814,0,0.166831
5815,0,0.168133
5816,0,0.169696
5817,0,0.172779
5818,0,0.165566
5819,0,0.16116
5820,0,0.169576
5821,0,0.180226
5822,0,0.176131
5823,0,0.171378
5824,0,0.176347
5825,0,0.175675
5826,0,0.173712
5827,0,0.161918
5828,0,0.163731
5829,0,0.165738
5830,0,0.164182
5831,0,0.165251
5832,0,0.193011
5833,0,0.161786
5834,0,0.170242
5835,0,0.155712
5836,0,0.171269
5837,0,0.169167
5838,0,0.232444
5839,0,0.170565
5840,0,0.166963
5841,0,0.169262
5842,0,0.165226
5843,0,0.167983
5844,0,0.169008
5845,0,0.171773
5846,0,0.164115
5847,0,0.163333
5848,0,0.173442
5849,0,0.168323
5850,0,0.156919
5851,0,0.166042
5852,0,0.174797
5853,0,0.176228
5854,0,0.196116
5855,0,0.187745
5856,0,0.19227
5857,0,0.183701
5858,0,0.17423
5859,0,0.172572
5860,0,0.168442
5861,0,0.169945
5862,0,0.173101
5863,0,0.16854
5864,0,0.170926
5865,0,0.155573
5866,0,0.160288
5867,0,0.174574
5868,0,0.155223
5869,0,0.120774
5870,0,0.139276
5871,0,0.159079
5872,0,0.17192
5873,0,0.203623
5874,0,0.201751
5875,0,0.19382
5876,0,0.171162
5877,0,0.195206
5878,0,0.206202
5879,0,0.199393
5880,0,0.196325
5881,0,0.214303
5882,0,0.205942
5883,0,0.215728
5884,0,0.214961
5885,0,0.183554
5886,0,0.211479
5887,0,0.174502
5888,0,0.207301
5889,0,0.202742
5890,0,0.210393
5891,0,0.206601
5892,0,0.202541
5893,0,0.203127
5894,0,0.193038
5895,0,0.177456
5896,0,0.169518
5897,0,0.166057
5898,0,0.173656
5899,0,0.174756
5900,0,0.173163
5901,0,0.176389
5902,0,0.171971
5903,0,0.171842
5904,0,0.171284
5905,0,0.175008
5906,0,0.173321
5907,0,0.172014
5908,0,0.172356
5909,0,0.169587
5910,0,0.172731
5911,0,0.187457
5912,0,0.171718
5913,0,0.177051
5914,0,0.177078
5915,0,0.176648
5916,0,0.179341
5917,0,0.177605
5918,0,0.167095
5919,0,0.170018
5920,0,0.171666
5921,0,0.172259
5922,0,0.173006
5923,0,0.170934
5924,0,0.17099
5925,0,0.170203
5926,0,0.17085
5927,0,0.171022
5928,0,0.174239
5929,0,0.1686
5930,0,0.168702
5931,0,0.165685
5932,0,0.168794
5933,0,0.175657
5934,0,0.172481
5935,0,0.171271
5936,0,0.173257
5937,0,0.169419
5938,0,0.175097
5939,0,0.173358
5940,0,0.16373
5941,0,0.185824
5942,0,0.166409
5943,0,0.177691
5944,0,0.176632
5945,0,0.182536
5946,0,0.182817
5947,0,0.176292
5948,0,0.172005
5949,0,0.168335
5950,0,0.176851
5951,0,0.172894
5952,0,0.173301
5953,0,0.172861
5954,0,0.169658
5955,0,0.169448
5956,0,0.172647
5957,0,0.168998
5958,0,0.169915
5959,0,0.171386
5960,0,0.173901
5961,0,0.167177
5962,0,0.171821
5963,0,0.177392
5964,0,0.177096
5965,0,0.175483
5966,0,0.169678
5967,0,0.16992
5968,0,0.173766
5969,0,0.16986
5970,0,0.167034
5971,0,0.186941
5972,0,0.170631
5973,0,0.183546
5974,0,0.175871
5975,0,0.176688
5976,0,0.195331
5977,0,0.196016
5978,0,0.183559
5979,0,0.18587
5980,0,0.18202
5981,0,0.189046
5982,0,0.179693
5983,0,0.175309
5984,0,0.183628
5985,0,0.17664
5986,0,0.184331
5987,0,0.1753
5988,0,0.190354
5989,0,0.170028
5990,0,0.18496
5991,0,0.170007
5992,0,0.190103
5993,0,0.187513
5994,0,0.18198
5995,0,0.184733
5996,0,0.171787
5997,0,0.265348
5998,0,0.226687
5999,0,0.176413
6000,0,0.172706
6001,0,0.191068
6002,0,0.17148
6003,0,0.17846
6004,0,0.179574
6005,0,0.176003
6006,0,0.177866
6007,0,0.175746
6008,0,0.171098
6009,0,0.175529
6010,0,0.181222
6011,0,0.175367
6012,0,0.179665
6013,0,0.173118
6014,0,0.170826
6015,0,0.169223
6016,0,0.172196
6017,0,0.176424
6018,0,0.175416
6019,0,0.172308
6020,0,0.169348
6021,0,0.17308
6022,0,0.175328
6023,0,0.171653
6024,0,0.175197
6025,0,0.17536
6026,0,0.177535
6027,0,0.170449
6028,0,0.172277
6029,0,0.169048
6030,0,0.172791
6031,0,0.178121
6032,0,0.165559
6033,0,0.16269
6034,0,0.175084
6035,0,0.171424
6036,0,0.181085
6037,0,0.17849
6038,0,0.169919
6039,0,0.172824
6040,0,0.174862
6041,0,0.172422
6042,0,0.168832
6043,0,0.171627
6044,0,0.167499
6045,0,0.166835
6046,0,0.17155
6047,0,0.169389
6048,0,0.168539
6049,0,0.168298
6050,0,0.171012
6051,0,0.168233
6052,0,0.169021
6053,0,0.1695
6054,0,0.171252
6055,0,0.166881
6056,0,0.170611
6057,0,0.168122
6058,0,0.163958
6059,0,0.163878
6060,0,0.1674
6061,0,0.175875
6062,0,0.165776
6063,0,0.165595
6064,0,0.171533
6065,0,0.177738
6066,0,0.176791
6067,0,0.17695
6068,0,0.174725
6069,0,0.158695
6070,0,0.159228
6071,0,0.166793
6072,0,0.173603
6073,0,0.172157
6074,0,0.167761
6075,0,0.170758
6076,0,0.165184
6077,0,0.169578
6078,0,0.171375
6079,0,0.165641
6080,0,0.168193
6081,0,0.165373
6082,0,0.166919
6083,0,0.16754
6084,0,0.159973
6085,0,0.168323
6086,0,0.164043
6087,0,0.170052
6088,0,0.168019
6089,0,0.168381
6090,0,0.168668
6091,0,0.180524
6092,0,0.17204
6093,0,0.173605
6094,0,0.176854
6095,0,0.177482
6096,0,0.177328
6097,0,0.168994
6098,0,0.174185
6099,0,0.169905
6100,0,0.167206
6101,0,0.170847
6102,0,0.165395
6103,0,0.174997
6104,0,0.166183
6105,0,0.17023
6106,0,0.170073
6107,0,0.169867
6108,0,0.170896
6109,0,0.169819
6110,0,0.168849
6111,0,0.164826
6112,0,0.168726
6113,0,0.168866
6114,0,0.165481
6115,0,0.170827
6116,0,0.164952
6117,0,0.162264
6118,0,0.167721
6119,0,0.164099
6120,0,0.16724
6121,0,0.174847
6122,0,0.164873
6123,0,0.168151
6124,0,0.171472
6125,0,0.169951
6126,0,0.176048
6127,0,0.174287
6128,0,0.163359
6129,0,0.16873
6130,0,0.170687
6131,0,0.166804
6132,0,0.170564
6133,0,0.167543
6134,0,0.172913
6135,0,0.152653
6136,0,0.161233
6137,0,0.169884
6138,0,0.163148
6139,0,0.163262
6140,0,0.164798
6141,0,0.166309
6142,0,0.165621
6143,0,0.164505
6144,0,0.169998
6145,0,0.17717
6146,0,0.17898
6147,0,0.175747
6148,0,0.183317
6149,0,0.186832
6150,0,0.171916
6151,0,0.176467
6152,0,0.171568
6153,0,0.172428
6154,0,0.177086
6155,0,0.176701
6156,0,0.184749
6157,0,0.177053
6158,0,0.179847
6159,0,0.170959
6160,0,0.167438
6161,0,0.172456
6162,0,0.171666
6163,0,0.172016
6164,0,0.167039
6165,0,0.178371
6166,0,0.164096
6167,0,0.168054
6168,0,0.167227
6169,0,0.163823
6170,0,0.166649
6171,0,0.163762
6172,0,0.16738
6173,0,0.163931
6174,0,0.164177
6175,0,0.171309
6176,0,0.162815
6177,0,0.163653
6178,0,0.166662
6179,0,0.164868
6180,0,0.165536
6181,0,0.176827
